Country,Year,0,1,2,3,4,5,6,7,8,9,MATIMATM
AUS,2010,-1.7782684724224476,-1.581447912030591,0.40236547301687575,0.8272730276455339,-0.7245072245778317,0.3304323924878103,-0.14881192068432947,-0.08901402863184382,-0.5012726185519626,0.36435333271235165,4.3
AUS,2011,-1.5853060058224846,-1.6138394283512254,0.6607953790114515,0.8240052046680338,-0.9561244107264459,0.38106352884288563,0.5124668237320692,0.08806586152569507,-0.5968253481836855,0.29258953714650376,4.3
AUS,2012,-1.6639551671079722,-1.6717457342918847,0.41148871570250595,0.7224474802977721,-0.510772382760833,0.25244455134024013,0.056401493690286325,0.04132097811757279,-0.7184877463236428,0.3384219355608599,5.2
AUS,2013,-1.7448124030014647,-1.4513798987300874,0.41268706864306937,0.7577858835660842,-0.7001122616956774,0.2959979718030171,0.22251915742953726,-0.0615405578389967,-0.6199785460409396,0.198508679955555,1.9
AUS,2014,-1.831248990281031,-1.5211620292444104,0.444511811921897,0.8844695325858801,-0.646872932244094,0.20925165133761403,0.29817736095037817,-0.019150770009196516,-0.5652751925975916,0.23568653449157467,4.0
AUS,2015,-1.8617406516113002,-1.623870037963596,0.29950413672742104,0.9017945129379213,-0.50455418111268,0.14759214991759248,0.10441946504767485,-0.06908923219353702,-0.6230236572463215,0.32662877745340557,2.6
AUS,2016,-1.7814965074851732,-1.744504010380782,0.39417727067861935,0.9565812848853718,-0.5110706042218273,0.08924782131744258,0.28623229208803846,-0.0705140837244721,-0.7960635067218743,0.3878067932708408,3.9
AUS,2017,-1.8580616086747326,-1.5744588326702953,0.41213030686744706,1.0027898769432995,-0.6897632978907964,0.16877431685099065,0.2892721227561695,-0.05435685170194682,-0.6715770983946714,0.3070476423553735,1.9
AUS,2018,-1.9808392524864704,-1.6006781106418368,0.22925592849080928,0.947837753955587,-0.41683981693127814,0.10629589302053433,0.05775448182064055,-0.18704578794769644,-0.6758899199696389,0.23072638059338757,4.8
AUS,2019,-1.9943458432020365,-1.3441661490932129,0.2913699874598624,0.8367076180870275,-0.5061636609577278,0.2219714797233432,0.12548021376156063,-0.43126231724826497,-0.5145018254985578,0.1741174453548946,3.9
AUS,2020,-2.11822962797733,-0.8942924086424267,0.007259217561193521,0.49796744773760704,-0.2804826552426788,0.3582678821269729,-0.2535144165275798,-0.6675551901720347,-0.2759519633245942,-0.014351298499027028,2.0
AUS,2021,-2.065979648923224,-1.198658285341048,0.07816142581589583,0.808617013339474,-0.4226984424547771,0.23614806281117345,-0.16199795838926906,-0.45898152233581757,-0.40309035114228414,0.10846413711879486,3.5
AUT,2010,0.583980347830684,-1.534408916052462,-0.25692223724319013,0.19680991558228583,1.0101221061846481,-0.4045666508415068,-0.6440286039131508,-0.4696929929868355,-0.32944723749702737,-0.9991206255321339,1.3
AUT,2011,1.1845431825065,-1.7199745945904732,0.28294820467501874,0.025120584128643264,1.6811488539108301,-0.8079913861151851,-0.1633697383859554,-0.7867490901683799,-1.0027514253428123,-0.7699380167137072,2.6
AUT,2012,0.6829516695613356,-1.549584114775675,0.047485882167282376,0.17222974704991273,1.2573165942154532,-0.6044258486288077,-0.09667420269941601,-0.7973173709638198,-0.5770179859382056,-1.0141245635074072,1.3
AUT,2013,0.4031030731515424,-1.244565051233946,-0.16523785401333402,0.2923033289957547,0.757398193196838,-0.47255502540028305,0.07990886008451004,-0.6575823614226454,-0.3953543868514444,-1.1395935675624056,1.3
AUT,2014,0.24781458959152974,-1.2417409093684957,-0.3153937542819985,0.21925749229420682,0.699101592716799,-0.37587678095916865,0.0520437548171423,-0.6739157249180091,-0.3565182922086782,-1.126260218715933,8.6
AUT,2015,0.1362704221652385,-1.1429484281160143,-0.2026588481724783,0.039317565654882425,0.7219509112908697,-0.45405060194444413,-0.01907688497410999,-0.46853477606976596,-0.38356394596100685,-1.0532463681802466,4.7
AUT,2016,-0.13176649974402255,-1.0977998265957316,-0.3490689926524684,0.04949774353187124,0.7742289083787317,-0.3848078978312977,-0.13253909453240734,-0.638402085605627,-0.29606124329877387,-0.9029132601965908,5.7
AUT,2017,-0.1921458070216842,-0.9649071121303741,-0.2457630520571587,-0.12934271818172566,0.7221005417899345,-0.4708488890245883,0.03845952395212945,-0.4460201482110053,-0.3594229211771559,-0.8907311808504867,2.3
AUT,2018,-0.48229323827127557,-0.8949124672428916,-0.3540072290137126,-0.17963942584389916,0.7575973484057539,-0.2858846150864688,-0.17556841632800152,-0.6461765282282994,-0.2765018117947396,-0.7149730465853902,7.1
AUT,2019,-0.5202770627412947,-0.864366651744195,-0.4518522670383114,-0.22564236649253516,0.7316774926294206,-0.2457840632132957,-0.2123742488102077,-0.6572904418475254,-0.21491776473673604,-0.7791953629814954,5.9
AUT,2020,-0.9391624046305813,-0.3097978101569134,-0.3454703483017012,-0.5171124728368384,0.3452205875189352,0.1509921600715847,0.04468785585868063,-0.5868877768051004,0.10796144925218765,-0.7400879552875508,2.4
AUT,2021,-0.8132970880326316,-0.2760773071735709,-0.3544891640789005,-0.6677550166268083,0.5107357782441169,0.12020225237551961,0.051798805608756375,-0.6821098392698803,-0.08269012960039564,-0.647264673998422,3.5
BEL,2010,-0.6021141647442028,-0.40930880782668405,0.11835466070616546,-0.5742370050561549,-0.034461762165222565,0.2905696218616496,-0.5014632074591622,0.5905224758697281,-0.04398705018319326,-0.371496222000943,6.1
BEL,2011,-0.7383137678777251,-0.44150272933448353,-0.1038830295402315,-0.4237010670406719,-0.029844724436241116,0.43422214199339493,-0.9208895026224719,0.2359541010573728,-0.06778973125110133,-0.09831181871708687,8.5
BEL,2012,-0.9156646033175682,-0.5118009532202697,-0.1254364505739624,-0.3569695855225039,-0.19130717746765152,0.5926014235237964,-1.125080431575911,0.18305173450167714,-0.004958002159750008,0.004186337409302715,3.1
BEL,2013,-0.9260053343465375,-0.43316557434184344,-0.22746865638278418,-0.37847602266090086,-0.24706316351925045,0.6682411488922465,-1.0708068626233163,0.2414820184981421,-0.0746498463421255,-0.07334617159102919,2.4
BEL,2014,-1.2223369492216754,-0.37105989607554213,-0.2824487397566653,-0.30368999310649336,-0.4146909537137601,0.7507890552671874,-1.0288657444699183,0.15522106031688335,0.2090335845651512,-0.14058635897534605,5.6
BEL,2015,-1.6238420623126912,-0.8356850052542961,-0.4830914095169053,-0.10009505799612298,0.11143591992529533,0.27612581239969164,-1.301566648822073,0.6843731157282289,0.263783771554869,-0.21985741720647406,3.3
BEL,2016,-1.6719107154868453,-0.864502613358912,-0.45752330493289306,0.18317057566123798,-0.2047502065721671,0.4145976270308213,-1.591284934404,0.38127571571004903,0.08426313061765117,0.20677250771172206,4.1
BEL,2017,-1.5232028250753193,-0.8980638032846925,-0.36984804356097606,0.038034073784530525,-0.15026378233103035,0.2650302707187657,-1.2996694230034158,0.5926109086582192,-0.0751080771134423,0.062333874140036535,5.0
BEL,2018,-1.6113326547661972,-0.9067860615741438,-0.43805048153077036,0.19041930960535075,-0.2530742348456594,0.3876901855033093,-1.522965868347521,0.3391855780581535,-0.19305273474038415,0.2514429737120712,7.6
CAN,2010,-1.7338811417819568,-0.734639791985685,0.8735125627898754,0.023597353556852198,-0.09451156053068141,0.5723784073660224,0.540955047042985,0.22890033203676574,-0.2040876102657692,-0.05600200513065989,6.4
CAN,2011,-1.7388640210195554,-0.6590885616674697,0.9143256714083531,-0.007841087392847747,-0.09375677196569641,0.612252677204701,0.547397536879136,0.24107379312412533,-0.2072390798895317,-0.09616417145136474,4.8
CAN,2012,-1.849742829360451,-0.7737196223023269,0.8988800314789896,0.04858713687551549,-0.0670634761742687,0.5993261703458999,0.571113708319396,0.22418360547346503,-0.2518764849424229,-0.06333876417117512,5.8
CAN,2013,-1.8515386892443861,-0.7667282743683391,0.8752396365298697,0.0392413763642184,-0.02535345349429148,0.640000388424337,0.599634506935939,0.24353372472706902,-0.28185852309936554,-0.08491134637358688,6.0
CAN,2014,-1.9495485975726394,-0.72599494385413,0.8216007839558516,0.049301988879086794,0.03971535792082462,0.45616842603440816,0.6856353073589552,0.11479107671209049,-0.2879316276353186,-0.002465499250525749,6.0
CAN,2015,-1.9842222342619555,-0.7522181555337019,0.8061791474879669,-0.00031671776439868,0.06224678146709764,0.5411514695748885,0.6903625054298471,0.046992333876394676,-0.27694912669614696,-0.023693095193711045,7.1
CAN,2016,-2.054359295542761,-0.7417474301205906,0.7066350182715995,0.04826522058623426,0.03221222007642428,0.5429607244938296,0.6485622247512488,0.03939688296008309,-0.22038650003931937,-0.02298391587535542,6.3
CAN,2017,-2.05438137692681,-0.7375117699663862,0.7557198360923428,0.11030023974608183,0.056191825051771394,0.48940144427288723,0.7327755468446613,-0.021052174003592494,-0.22822604402233063,-0.02964599987530775,6.6
CAN,2018,-2.1094452209001524,-0.6877398502119456,0.6903644588861982,0.07580457662409071,0.155723043705125,0.5059844491075255,0.6690892789993589,-0.06973653322863993,-0.21367719610910255,-0.08091784441144512,8.6
CAN,2019,-2.154396803557527,-0.6391795561503472,0.6729627695526879,-0.0015686641074620783,0.22372339658104207,0.5049201424030036,0.7441075470169137,-0.09889202580603768,-0.21032162138184038,-0.11974545819350646,7.5
CAN,2020,-2.169023594731177,-0.08594464093842058,0.6833933392407788,-0.5184447770569236,0.2961826784382518,0.7217392625977463,0.5730713409920541,-0.360650929406794,0.021190509368232184,-0.34760720659390626,8.4
CHE,2010,-1.9920194424575592,-0.2919323747339591,-0.3743005338837625,-0.5937536408364259,-0.33800172388125493,0.7608987563987726,-0.610124739850467,-0.5341940491243959,0.3585682957471913,-0.12398691105562434,3.7
CHE,2011,-1.99375644788246,-0.10083395612569329,-0.32930953434197685,-0.4612909384638718,-0.47633338303705425,0.674718857641581,-0.34850915253397197,-0.9804557961052714,0.32544366436606803,-0.006667071286807574,3.7
CHE,2012,-1.8612854170335371,-0.0050265706790502684,-0.2013033439846656,-0.4475481580486815,-0.6836417638515369,0.8259653529121371,-0.42535237976117685,-1.0752943127801455,0.09304674754943675,-0.01955406277710483,8.5
CHE,2013,-2.205542554944871,-0.3117297970580757,-0.6207750084225413,-0.4640357832464869,-0.2988589754007485,0.7289775125021464,-0.9877163261144543,-0.7416327528061618,0.21384350461545049,0.07976101337190121,2.4
CHE,2014,-1.9630271988009076,0.03542624170554748,-0.49749941851203044,-0.3515136785715962,-0.6013839407237052,0.5341533355984305,-0.1760779616770498,-1.0560455436470502,0.15265953236923036,-0.009342717919620519,5.9
CHE,2015,-2.26600054978298,-0.3158239103387638,-0.6931371536694841,-0.47449466710209004,-0.20432748848802926,0.6945859847699509,-1.046728126677491,-0.7631746403666336,0.2428894207761447,0.09187604531530676,6.9
CHE,2016,-2.0027748675165844,-0.05501394952700195,-0.5253875034109075,-0.34939800438057245,-0.3987715958969745,0.4899465205390924,-0.14857707811847126,-0.8891528951404568,0.1956810816724302,-0.11758492252647758,3.4
CHE,2017,-1.9823455188473769,-0.28161902572215275,-0.3993861094231936,-0.16002582727928094,-0.5234887160545152,0.5339798475757666,-0.1345893611628567,-1.1695262688712298,0.06534658778646665,-0.006001101463829355,4.6
CHE,2018,-2.0110068065906495,-0.2986433900021019,-0.3838719173342653,-0.17309937953017385,-0.5012974541451151,0.5798560237508249,-0.1048729047505667,-1.0320994401559531,0.09696947980295456,-0.0683050048884282,6.8
CHE,2019,-2.087076559725339,-0.34600140107059,-0.43227049840562387,-0.12386754234011482,-0.5203787479587234,0.6108967022409093,-0.09302825058449513,-1.1965089501563593,0.09290846154598906,-0.055061023279307564,7.0
CHE,2020,-2.2191913082690204,-0.14029733285936774,-0.3300407882173225,-0.4191380660478175,-0.41461739940556314,0.7171449032659898,-0.22739415686312758,-1.1489153858764671,0.2512831977352142,-0.10909970558168311,1.2
CHL,2010,0.8729628811865746,1.9750845123542393,0.8417176232448351,-0.5921458615642572,-1.1831458684616611,-0.3254293151420968,0.0719900511651399,0.31051227080256827,-0.333811777006167,-0.09162437278056869,17.9
CHL,2011,0.7462560835907621,1.7412278902274898,0.6717402131403962,-0.5576297912450093,-1.1676505677011217,-0.057333313889134194,-0.02380109570360761,0.18138054149181465,-0.7842711525682585,-0.18759276024195745,16.1
CHL,2012,0.6848115895000978,1.751104183588923,0.6001545855789004,-0.522195203414766,-1.112081084504785,-0.1751264466965438,0.004410715998426573,0.19564447096379872,-0.8531418569560759,-0.137777484052728,17.2
CHL,2013,0.5130229316299795,1.7013544447737885,0.8147913061860855,-0.5611290517072197,-1.0501160578644113,-0.19236717693023392,0.33533866273071206,0.12613613602267762,-0.6442109395258089,-0.19622763000241725,15.2
CHL,2014,0.5170867403431721,1.8367437141224325,0.6356824327315493,-0.6156387538632124,-0.9386475945935747,-0.22423192721211133,0.2671010934043857,0.1534642282178748,-0.6829374369890743,-0.1677729050198737,13.5
CHL,2015,0.45064694147564305,2.036595733579715,0.43304528262530895,-0.6557741685038081,-0.7058984450723472,-0.5759622057660604,0.1051208477106364,0.35743778273753735,-0.18239787402690977,-0.16872398602553013,15.5
CHL,2016,0.1798037239598963,1.9690025294873585,0.5144151862825855,-0.6406089975678578,-0.733776335084784,-0.5855351647505002,0.17775906192349022,0.2414190164370656,-0.06461143681188918,-0.1470093810191473,9.0
CHL,2017,0.11307958619003572,1.9418714207344268,0.4591200673740704,-0.66774750405967,-0.5682865448149332,-0.6471722313860274,0.2220381346763896,0.2598543283070495,-0.04894454044456613,-0.146125635575779,17.3
CHL,2018,0.04671289390913086,2.1340461385173772,0.16019268031897765,-0.5963774508452345,-0.5324877794839418,-0.7805929275178506,0.3323832404960878,0.2278869539424422,-0.07152738859704777,-0.12871322430258508,13.5
CHL,2019,-0.016791510208020943,2.190590956035123,0.12783631950936547,-0.6056765798751509,-0.5813506189442761,-0.7234713681145598,0.46781611182758265,0.26479284688349236,0.029020758333673347,-0.23976018427533435,10.9
CHL,2020,0.063057175296163,2.1915757585773243,0.1277748976930857,-0.6484685794095643,-0.5194569800761853,-0.7574485681488236,0.42175814167064035,0.3207109529565779,0.008664499707350837,-0.22993208674052884,21.0
CHL,2021,0.22148424092588892,2.488297178388268,0.001280474707325785,-0.3721302688752786,-0.7783018851312999,-0.7143281686519539,0.5932026597391004,-0.011353923681140105,-0.26887427180173273,0.04506544508099745,19.2
CHL,2022,0.06771939656923465,2.2223870946824347,0.19832066571405532,-0.6419888392159812,-0.5293802079265004,-0.8191768634768872,0.5487688793899932,0.3620327810526637,0.03934528125524206,-0.27773528602831443,14.3
COL,2010,-0.650524760033196,2.469740876194291,2.296558333616266,0.3352528055029719,-1.177267049182337,-0.9933137482450864,0.3173409925799241,-0.3630172239122676,0.7817004184362366,-0.1768929916837838,71.6
COL,2011,-0.5580171742546558,2.487786439144114,2.0809033668189643,0.3358074845146434,-1.2673346560464203,-0.9981974656323823,0.240518900396361,-0.25417882570236033,0.7366543923245108,-0.15436611461152883,68.8
COL,2012,-0.7076539351539894,2.5454892800798423,2.1107920564360065,0.3587543646065141,-1.1041344625634104,-1.1877848435336698,0.48402932409980354,-0.39230067933815616,0.8803064263109265,-0.2192137579180054,65.9
COL,2013,-0.6554657054323196,2.485272363639094,1.9630379091826033,0.23643056686478636,-1.1101476301658741,-0.918560002505812,0.22046899581347207,-0.3930486048289997,0.5547069690945456,-0.17739510034871211,55.2
COL,2014,-0.5255454362553867,2.1298630655152206,1.938107940182149,0.504746711174765,-1.064979281200639,-1.0545690099103322,0.25279847874533545,-0.3462669171708964,0.5103030432850018,-0.23587381785006137,53.7
COL,2015,-0.626873491990865,2.585444172111135,1.9858215119211726,0.22240070402733686,-1.0637853879654096,-1.0191119292918318,0.3658186266629027,-0.3515752474642486,0.7194111733488404,-0.22945489522688015,53.7
COL,2016,-0.9440462295452802,2.9325634101680653,1.8575923375914405,0.033566839542717,-1.1691202983941849,-0.9276195917229735,0.42282297632273924,-0.4314700082048948,1.021106069384346,-0.19404159433120913,51.3
COL,2017,-0.7756476589872103,2.4986341584002107,1.8938314688549127,0.3600874236665114,-1.1122420973673044,-1.015889473076589,0.5504678705022853,-0.3620379432397429,0.8414852073337444,-0.24629380859531758,51.0
COL,2018,-1.0822824613547555,2.436637622810819,2.2360514627133443,0.16679232209921968,-1.0945767938467903,-0.8619267685283218,0.5112109576040287,-0.4356891139854734,0.9124335399257415,-0.3428359293286326,45.3
COL,2019,-1.0976250547957687,2.471969714926835,2.256764221971223,0.1951549478722472,-1.0765918294974735,-0.8464666219303558,0.5209593682194955,-0.41097780218021773,0.8971592721842441,-0.33464928858306053,50.7
COL,2020,-0.917832759483868,2.7108241699470264,1.9674998301486832,0.4073754215570548,-1.2360344877679155,-0.7519778267490447,0.39301245626544024,-0.7844117512919991,0.6740052057765764,-0.025666506267057798,65.8
COL,2021,-0.5929677000544297,3.045821375740836,1.4256666845829802,0.5391777895329801,-1.2328482730015125,-1.1011447213461878,0.379452685873227,-0.5592492048686504,0.3883585996896184,-0.06976825475041379,83.2
CRI,2010,-0.08708913222777459,1.8087392782912097,1.0999993442031615,-0.272464298797097,-0.9438570724366928,-1.943722247892446,0.6187964942647037,-1.0472134141770262,-0.28897610223538633,0.8729862657889382,22.6
CRI,2011,-0.0776075547656816,1.8051141173524878,0.9054315566532073,-0.14828492652401837,-0.5629366095277113,-2.2423588314258027,0.6657186188478073,-0.9236094713150632,-0.16808860190918012,0.6707653649152856,24.5
CRI,2012,-0.14138952061282167,1.863861874820782,0.8050054525634928,-0.15955912780214732,-0.6439709569438302,-2.200481491676417,0.6724807006841382,-0.9872932014416425,-0.15416045642054654,0.7357720575565885,30.0
CRI,2013,-0.33127056201237826,2.0000404937864262,0.6905944761191822,-0.22858004974702628,-0.6973374906224257,-2.1466091518731685,0.7568319516642485,-0.8210470785261714,0.004835025668221634,0.6513265433378999,19.8
CRI,2014,-0.2829634672427199,2.0296815055090165,0.7549866808767456,-0.3065372517311242,-0.6387038837535788,-2.1493696437453798,0.7334354899958484,-0.840646603025499,0.017699393624750037,0.6656127837559394,29.3
CRI,2015,-0.24580252914663958,2.1704883422915544,0.8150743872717159,-0.5287544403462578,-0.5512130057703348,-2.0646481530909457,0.7670482791563007,-0.7120075554960963,0.028328451697966453,0.5053736377538037,27.8
CRI,2016,-0.2722936004280876,2.0449637737124204,0.9406174908440883,-0.48671926647319697,-0.7494576172673493,-1.880132998567627,0.5287494072033148,-1.1111141241002163,-0.22468095330384852,0.7421338983825265,28.6
CRI,2017,-0.37338854618568446,2.003785737457921,0.8572189445562018,-0.5937322374007621,-0.6247097676686094,-1.897394836174874,0.6518467733971242,-0.8607749071933694,-0.1548432399252336,0.6428133183257427,23.3
CRI,2018,-0.45931123282001374,1.9799403148321555,1.0793938907594058,-0.6402679213601965,-0.9447036105994063,-1.4306771433643086,0.5364989008859512,-1.4918752998515288,-0.19393990121082944,0.74800575201472,16.1
CRI,2019,-0.4016843274126347,2.1848282188808947,0.9155846883351222,-0.7153086312696162,-0.6080559163107566,-1.794564979054485,0.7088706089436855,-0.8228806094557205,-0.05977807783600267,0.46178703262861615,20.2
CRI,2020,-0.5250970754883085,2.0706322478259236,0.7432603996037721,-0.7086045822748119,-0.5009866541045307,-1.8373842889255947,0.6499984599797923,-0.6971762790752538,0.057320635667861705,0.3285089895432483,34.4
CRI,2021,-0.4523828423375164,2.1744964193678866,0.7298295850069058,-0.7406700874619776,-0.41425436793039894,-1.8832358401838598,0.6643997783859443,-0.8010724725169436,0.08209089478541437,0.41219149059502436,40.5
CRI,2022,-0.1278424854737833,2.5642224372572873,0.6985175127934429,-1.0889553181442657,-0.7237301398354273,-0.6540628459324925,0.41514410161765947,-0.3022366796783554,-0.1452661801111477,-0.07551032285570973,15.0
CZE,2010,2.2962703591843825,-0.9758949753622708,0.28841900016636124,-1.0255041451913107,1.7744421865834838,-0.6534584932791189,0.4919738301522058,-0.26360455312371545,-0.3322152507377102,-0.17044693056369226,7.7
CZE,2011,2.2998130155652072,-0.7675149186997696,0.20273252744616366,-0.9917109890207301,1.7319037986906998,-0.6998712204464752,0.4722078638333807,-0.4832610860410036,-0.5478609408998222,-0.04599781358958005,10.1
CZE,2012,2.301295714239414,-0.892575227024341,0.1432865125341792,-0.936406230514078,1.6376232070289882,-0.5268106602813731,0.5045874649690807,-0.5015439511808484,-0.4759600154625016,-0.11036684829081472,5.5
CZE,2013,2.263308231149888,-0.9291379331974072,0.11709649773065314,-0.9606724818283449,1.6527074730081615,-0.5099067490511731,0.4370590755502882,-0.36322779417280593,-0.5841458587648698,0.08123883322488837,1.9
CZE,2014,2.1189530082016264,-0.9761675937260772,0.05001157075845614,-0.9919514496959468,1.7383845686574737,-0.522303504893443,0.5236389681156067,-0.45624854516611024,-0.49668789507601036,-0.05017816487656254,6.4
CZE,2015,1.9478075818489669,-0.8007066594415655,0.21833656638398818,-1.0086544344960167,1.551591519523421,-0.47240862765647146,0.6565622139324231,-0.32128161266659155,-0.5326910753901785,0.020079835325670828,6.3
CZE,2016,1.771204043131501,-0.7669882040800085,0.08921749136733628,-1.2031414098790045,1.7611922550365806,-0.5114861258658551,0.5659831841551486,-0.07183955154942023,-0.47178514380749825,-0.08961373792760144,7.1
CZE,2017,1.5175500789743404,-0.7185658726275355,0.08848085988728621,-1.230364198586586,1.715673136323126,-0.47823344482921004,0.4464375748464492,-0.04475905650629419,-0.42233623136879395,-0.03741331829083684,7.0
CZE,2018,1.359098728757444,-0.6054920492952995,0.12852714975429647,-1.2819111346479648,1.633148480145024,-0.4374378379125197,0.5801861356186345,-0.035694254245105195,-0.3530524009202215,-0.022662907721868172,4.4
CZE,2019,1.3356046696003716,-0.5667009107220236,0.1219348147212852,-1.3323595692607924,1.6354092152688708,-0.3713077868451422,0.5812027497179998,-0.05173113904562088,-0.35782683040369057,-0.0457855650222264,4.5
CZE,2020,1.258987337947501,-0.25926327393208665,0.20370852305727422,-1.6545015002170445,1.5469651324547327,-0.1632632862238793,0.4895061482934587,0.003842215430974738,-0.3930064306024946,0.05897730781904928,6.4
CZE,2021,1.0131750391073149,-0.2855245495764346,0.3656719437039637,-1.6663439219642424,1.343887776299085,-0.026379444445678094,0.6560784930440945,-0.020959375036871952,-0.2535924317928577,0.07486045918538797,6.3
DEU,2010,0.6803165546711577,-0.5414847441063837,-0.2590999873348752,1.9275526507507097,1.0006198808097888,0.4550388784898475,1.336614576515301,-0.5511610270055711,0.35738514654671455,-1.1335791398543915,5.2
DEU,2011,0.8192171291852327,-0.5911222090200173,-0.5251914416936021,1.5890482981942182,1.406030848063872,0.5711813526976433,0.4910551198372751,-0.6346395367691441,0.12913224204375412,-0.853980084399178,4.7
DEU,2012,0.6618351424893567,-0.47951667998979564,-0.3370806706331969,2.0185803867714958,0.8791972607046176,0.5844310046429565,1.24770470376542,-0.8447534410192807,0.2786103900424835,-0.9939742797763357,4.6
DEU,2013,0.7734125215910783,-0.7717602299939935,-0.4956985550922427,1.6879765506205857,1.4854718816168413,0.45658136242113495,0.4759234958547267,-0.675366570624323,-0.06893604455288532,-0.8395341474854083,4.1
DEU,2014,0.5611637895313615,-0.6114037231192897,-0.3422506120320609,1.964763385074889,0.9271088108084685,0.5379657450394139,1.3752052828332237,-0.5200679258194416,0.29745361563133654,-1.137207586882607,4.1
DEU,2015,0.7679672619946976,-0.8452945252631433,-0.548861820976071,1.7116613761959107,1.4301121505717929,0.559914756356758,0.653793215178184,-0.527607490760723,-0.009809758703509378,-0.7100601808982078,3.3
DEU,2016,0.552716626889171,-0.5347417121751895,-0.32832622031923503,1.9581581406861108,1.0292295779195793,0.5990250714875993,1.402509321720107,-0.48589524310298116,0.3170517068978066,-1.1164564351547182,2.9
DEU,2017,0.4648935307882732,-0.8594513659561197,-0.7173765148438501,1.7680191521626585,1.3498036024428188,0.7626774981905295,0.2528148158950162,-0.43903108847568606,-0.0062356934647721934,-0.7232496389194947,2.8
DEU,2018,0.4891907522287439,-0.5995190429299864,-0.33478155564038875,2.0663455713155274,0.9829677681315065,0.7078065730120562,1.4543106175548286,-0.4254012915902166,0.2734693854565871,-1.0097192388823393,3.2
DEU,2019,0.2892268783483129,-0.7977245316635917,-0.7943571131790204,1.8847702235252426,1.2484379376315382,0.893069503520639,0.43934592047564947,-0.3859606701434569,0.15293990613082936,-0.7565537085423396,3.2
DEU,2020,0.4192151257980481,-0.2795054111741705,-0.456064687022925,1.873533195154232,0.8910554373178512,0.9428823643339496,1.3302993588072132,-0.5774104332977816,0.2192723863025822,-0.830577257638152,3.6
DEU,2021,0.3648865274763981,-0.004826862955054606,-0.5675899025224682,0.9491477702862317,1.499719072495402,0.7507892433152157,0.5597393370379954,-0.26745494132762604,0.05291740188963026,-0.7392673023025791,3.5
DNK,2010,-0.4453598646134447,-1.5233386084046177,-0.004177611550365709,0.3201432615884988,-0.44562212742281404,0.08489247748349443,-0.5974167074540723,0.023420748498418992,-0.7308159049206678,0.6386783917031551,0.0
DNK,2011,-0.449614358530554,-1.4446569857121998,-0.00877572856401164,0.3439977685005426,-0.3731257444238378,0.03740858435170785,-0.2700889167571658,0.17221955939378114,-0.869621324857355,0.4757066665976959,5.1
DNK,2012,-0.5455412925106675,-1.5191002901774109,-0.23034600437226138,0.32028380049128274,-0.4107211712227769,0.09955617277571088,-0.5369418700673153,0.23342162234701705,-1.0204620571585679,0.6056562755086887,0.0
DNK,2013,-0.560805810012458,-1.5697338486312327,-0.08841734607976494,0.3096092818526842,-0.182029404189058,-0.09378060892189533,-0.40955531691131325,-0.007437039858012778,-1.0071333482696454,0.4424669810225069,3.6
DNK,2014,-0.7095808577733216,-1.4570331252567006,-0.07075770655335975,0.355123312372686,-0.318423310409244,-0.13907299901215936,-0.034569969920059666,0.07573122368467805,-0.7732283594582614,0.438950932933197,5.3
DNK,2015,-0.827511336969332,-1.5258483122501163,-0.286866863732858,0.33363478791162926,-0.19554231052925342,-0.1371827085351614,-0.44060342572037603,0.09446317573010807,-0.886444105179301,0.6852244818353403,0.0
DNK,2016,-0.8922056266703703,-1.5040059903774095,-0.28431083099128895,0.330972271274726,-0.16355921036372206,-0.22185334735619364,-0.40950252256815056,0.009298051080015135,-0.9240997139368283,0.7013012688392251,3.2
DNK,2017,-0.945615520306875,-1.3907625925751,-0.22004256703275493,0.36700908120793535,-0.2335254464289237,-0.3012053796751752,-0.1283393519169065,-0.02316235168169678,-0.9025858207698414,0.6096901219627624,1.6
DNK,2018,-1.1694222515840185,-1.3502808862820526,-0.3173275980676517,0.2756275694868734,-0.289478261565132,-0.16104373389298485,-0.4392691943105457,-0.11951693534996582,-0.5989020056232931,0.7402125417454466,1.6
DNK,2019,-1.2063639555647865,-1.384891094222129,-0.4870068160706265,0.4142905679094981,-0.3602728669321678,-0.22189083964464418,-0.3893142289819801,-0.16397669747496757,-0.6314452261438601,0.6639845652178749,0.0
DNK,2020,-1.1346225900102516,-1.3518135946026635,-0.42682305552591304,0.3404530343563471,-0.22168223193540626,-0.26499377169166727,-0.16618312379679223,-0.04848676352032527,-0.8570841375527862,0.4969609430412454,0.0
DNK,2021,-0.843877914927597,-0.9043829092006241,-0.5722028230361217,0.032045129496411785,-0.1908447977596532,-0.0630141595049226,-0.20522227134224147,-0.18804342516870032,-0.6958663321971623,0.2960901659305272,0.0
ESP,2010,-0.9276236621125866,0.05845408565638116,-0.0368313988115859,-0.222917434646569,0.25054298392366975,0.5071163946596509,0.11457410690684534,1.3666404516334567,0.8153825836748849,0.11804534396011518,4.1
ESP,2011,-1.0375595343574877,-0.12540287076615625,0.0331704838640281,-0.3407168417881108,0.2754613624132982,0.62230073379961,-0.301748671464868,1.2916743047395145,0.738722477733555,0.0922062309365615,3.0
ESP,2012,-1.080784900943748,-0.11623217893250676,-0.06874781561524863,-0.27063421113089203,0.3275796993508709,0.6054266264575165,-0.2528657667359891,1.3411705437997008,0.7341651361294989,0.17096016066861996,2.2
ESP,2013,-1.0916015331998903,0.10086711748855293,-0.19650967017728468,-0.2933474881811169,0.30458959171646277,0.4988437340539651,0.07070729769986814,1.2854796470010914,0.6886902947067475,0.0581065310348986,4.2
ESP,2014,-1.1843089863323226,0.06550811413082303,-0.1677931844839121,-0.3288409589112111,0.27322465408755137,0.552274973115545,0.08285414273167085,1.2153442806683756,0.6633295501864446,-0.012960829608035407,2.1
ESP,2015,-1.1637032712701167,-0.009080921413979703,-0.2211415471502829,-0.19192965635686726,0.3027426900299047,0.6237625449897184,0.0487519085067373,1.29135081627238,0.621968452319955,0.08108868932979824,3.6
ESP,2016,-1.3307247683600107,0.261805578094351,-0.1307559555682925,-0.40600058493727664,0.34176468011301175,0.6279607502108491,0.1828384041716578,1.313742604938569,0.6375008090248069,0.0010297209018050313,3.7
ESP,2017,-1.3974591051216017,0.1461446153081325,-0.02865885376091845,-0.3706626543657117,0.3389929571160125,0.6035063075373234,0.29097715883466413,1.1796394403596167,0.6298396680955296,-0.05161666931807818,3.3
ESP,2018,-1.2335195989347953,0.21016604197368505,0.22919296226150054,-0.1820163869639313,0.3190508385637643,0.4423389004281578,1.131051332829355,1.2904155444743335,0.5963726597848802,-0.21327134390740632,1.9
ESP,2019,-1.5168613387284382,0.06007720928221949,-0.1963941973881151,-0.25043738969848744,0.4755185967178433,0.6894910957175019,0.10059127229522863,1.0899515024889734,0.5284005342323834,0.02436821500695696,1.7
ESP,2020,-1.3116334980076712,0.5413207850851405,-0.09841003830234235,-0.6722087555483823,0.47056217344843765,0.8441192933563173,0.21165888366594246,0.9967608981208024,0.4618878451944793,-0.12291620410993842,2.9
ESP,2021,-1.334786199282529,0.5762152742665521,-0.3172025895099877,-0.6851137979024167,0.6518123298843435,0.7563709255553326,0.16674743312733722,0.939509119420078,0.531794365663411,-0.16881132713969166,3.3
EST,2010,2.4299370557413633,0.44404250832652575,-0.5123017127493086,-0.7074142419199518,-1.017408150083321,0.24232260287302498,0.22968239060930343,-0.4720764183522808,-0.0008033951243878179,0.11018488126180587,6.3
EST,2011,2.347247066949664,0.44020043987286517,-0.9349149017863421,-0.806282203618105,-0.9139246762665945,0.3092161230596018,-0.4659765808676916,-0.3971825918919847,-0.12098975460896355,0.28606162047831063,13.6
EST,2012,2.4025285530432035,0.4229844094054346,-0.9020270867005067,-0.7343254501772843,-0.9623048033780259,0.3586183037219578,-0.4984822883127039,-0.4035129115559685,-0.21442478688905325,0.17491063045103478,7.1
EST,2013,2.108988562663007,0.43821740672911513,-0.8985383607670754,-0.8672938675524333,-0.7910747047791716,0.33541825472273784,-0.33875495225508123,-0.4134531848036695,-0.1548895199095922,0.08135206038127679,7.3
EST,2014,2.248608579105896,0.3552579140241142,-0.9394871940203158,-0.7506979034834227,-0.7373657887392808,0.27699949556767833,-0.22665755340960753,-0.4462215925702023,-0.07448378049324539,-0.02102660038050963,0.0
EST,2015,2.179191359191665,0.5074913395130194,-0.9524205005205462,-0.9158560956679769,-0.7362528241067852,0.39018716464235864,-0.19157161371174547,-0.2714536111962098,-0.28411165573240793,-0.03928111448135124,0.0
EST,2016,1.8468391042819858,0.4854131827754132,-0.9567707374216559,-0.9659420857209218,-0.5522988947468507,0.264377778259792,-0.15301696788664604,-0.27362948442022683,-0.14803615104673976,0.007589999282536564,14.4
EST,2017,1.5087845984489983,0.7290069714574277,-0.9456477646942164,-0.9827759818422016,-0.6037234126975792,0.16326123486418886,-0.0883723175893101,-0.2750818744202742,-0.21652307717367547,-0.00423307636151482,0.0
EST,2018,1.303838812670922,0.7316480352478016,-1.262046841164542,-1.1215379075993601,-0.24587478787258152,-0.0064639443038043976,-0.46720648446575924,-0.300228584102217,-0.03987416311393596,0.15513193295172478,0.0
EST,2019,1.0782270573571164,0.5516392905918561,-1.113826411200097,-1.185306696054953,-0.30625592151997205,0.27097679012847176,-0.5218277876331525,-0.22770610618219522,-0.11330260950101873,0.0354425894622758,0.0
EST,2020,1.0697088585200663,0.6770750697491541,-0.9702842735263373,-1.5212706286379536,-0.2677435997796647,0.504370583766753,-0.7253334853411297,-0.08552780826187362,-0.12520960667975395,-0.027916420653308238,7.7
EST,2021,1.0654189341774494,0.99962535896805,-0.5237148450877307,-1.6113944568283003,-0.3082316242760921,0.3359972647999361,-0.3820605785968451,0.017135305360440944,-0.2214080510084555,-0.047286197785813174,0.0
FIN,2010,0.43180071409351667,-0.6071505702220406,-0.4041209748829331,-0.43083427610673775,-0.2084860802506829,0.24089446720800745,-0.06965112668416931,0.2130951323858336,-0.12072068281647563,-0.8663081403847548,4.9
FIN,2011,0.39862964353926345,-0.6140315092820929,-0.3622754193695406,-0.3701580396743126,-0.26299338976256714,0.2954457849088762,-0.10630345547753685,0.16964770091829648,-0.1711318562775566,-0.9634462086275416,0.0
FIN,2012,0.32591763513705,-0.5989711769115035,-0.5388307683055562,-0.3490676604948234,-0.24315084393894865,0.26647492803813144,-0.22071669155039503,0.21705129761975195,-0.23237645767112172,-0.8725691815856529,3.4
FIN,2013,0.2818562903295482,-0.35077986745419865,-0.6713980945933014,-0.4057049307569993,-0.2216685792821788,0.22337095098625864,0.052403333839605985,-0.03256979739126603,-0.2530428634610779,-0.710579227187148,1.7
FIN,2014,-0.0011134500909251999,-0.5713587372006184,-0.4387225724522422,-0.5274310261752254,-0.12959528556380337,0.3398970407346986,0.14968432758184952,0.1066346309824304,-0.09935176501524526,-0.9442229613418202,5.3
FIN,2015,-0.13542255582356147,-0.5393853233499866,-0.561013839406271,-0.48276662675874443,-0.14368940717594048,0.41416170915333184,-0.05391009771850004,-0.10694450311194052,-0.0782307219646455,-0.7575117544814525,3.6
FIN,2016,-0.46254877787601584,-0.39414052286998813,-0.5568157609362008,-0.7859201316978992,-0.0023922735233511405,0.3713130107144326,-0.1513362430772588,0.20204456662350306,0.0031058914956776373,-0.7411043776451549,5.6
FIN,2017,-0.5751775828209243,-0.4658254728049785,-0.49184055432679746,-0.6701145125643635,0.11118707774713826,0.09304538841287927,0.27766519120196087,0.3530844241705008,0.1611102181915819,-1.029263930207463,8.0
FIN,2018,-0.6597588576329257,-0.29242712666952075,-0.6572902624851686,-0.738644224390192,0.08295625471750051,0.22651439316766137,0.002127181399765976,0.11353643399263133,0.0486619648947555,-0.74444202321788,4.2
FIN,2019,-0.5962420022163464,-0.32780463698401535,-0.6788067589671554,-0.7511958741668454,0.12180036821544998,0.20928198657563404,0.08270745392622009,0.11800995944836809,-0.05649492332529721,-0.7631786841432917,10.9
FIN,2020,-0.7222936972570757,-0.1883877840655327,-0.6613805449373982,-0.9925042347680458,0.16518798152405115,0.43736187490162726,-0.048540050384878686,0.1077585156674919,-0.013980299492084847,-0.7686571231784516,4.3
FIN,2021,-0.7430258763797484,-0.005097505754266873,-0.4610330605725978,-1.039839909369891,0.12536603446084274,0.35802077103590524,0.412097104302098,0.05484568486100522,0.07905908763923292,-0.9069274902266433,4.0
FRA,2010,-0.4593393234795238,0.5462437413854186,-0.311709838242181,0.3218223496805755,0.4290205883909848,0.4224839182979026,0.5135849719198594,0.6753997884962353,0.9433032249908606,-0.8548046894522626,10.2
FRA,2011,-0.5434285565876967,0.5283499305439172,-0.5588436080734374,0.3624209202424069,0.5066807349926394,0.5878439034274121,-0.28808435319195796,0.45326058772179134,0.941582760653763,-0.7663836887137636,8.4
FRA,2012,-0.6384781958269268,0.3724058233464714,-0.5081417873946499,0.43998241132422994,0.5489291714375933,0.5826811072826145,0.06274543610493241,0.44153941758683085,0.6733623403938839,-0.8858885652986107,8.7
FRA,2013,-0.5905345148488537,0.5932838248179713,-0.48276235864521977,0.4089248863727166,0.5293679316866632,0.3688570894220146,0.15175983570152968,0.65890327366627,0.9881625033267503,-0.8428626800078589,8.9
FRA,2014,-0.6929854212617577,0.5647007381910203,-0.5291622322349816,0.307748002113963,0.5129869718247644,0.44713170332836605,0.26715026654681284,0.592430127404737,0.8934314478195571,-0.7814986610147845,7.6
FRA,2015,-0.6878835220935009,0.6461711289236802,-0.5518113504810407,0.4472482577481163,0.4383260970793208,0.46563366589579425,0.19170611624812484,0.38711090812583204,0.943088432570145,-0.5502431143596754,7.6
GBR,2010,-1.2375890379904564,-0.23394024519451542,0.8617127323992095,0.8568603180210781,-0.571832031470966,1.0176535484015201,1.0475174670998157,0.8868002107341146,-0.17083222301353138,0.46106955813371686,5.0
GBR,2011,-1.1206742080065268,-0.23988951406063744,0.878985167379088,0.5735915872304787,-0.23210022027226807,0.8691129876053629,1.1544473121866021,1.3617432801105325,-0.20026616642926387,0.23640108661907355,6.6
GBR,2012,-1.0754103934557615,-0.24600150818982397,0.7162936902538468,0.6691457620581412,-0.22418207689031905,0.7219407266121959,1.2017816551208862,1.4477522690948061,-0.26717901092532365,0.30333183726604773,6.4
GBR,2013,-1.1666910169753357,-0.1800094060798948,0.6594624867867516,0.6636724186517241,-0.11381203980132729,0.6204513007663389,1.2322593527931405,1.2974288719345886,-0.1987124102258166,0.2637542576925289,6.4
GBR,2014,-1.0716846679112182,-0.046812450730810196,0.5062284086463998,0.7433180424633464,-0.22113210177678788,0.5914345415788322,1.2756806823264288,1.2897089199727112,-0.3533089700668656,0.3591645324640092,6.7
GBR,2015,-1.0917916506345515,-0.06467292504654405,0.5243072954254155,0.7471198751828095,-0.11078131142375285,0.55118520417949,1.376124318876217,1.3183704806869918,-0.30134273528315403,0.2949505447697257,4.5
GBR,2016,-1.011489146310217,0.13942724369185597,0.35877683959341583,0.8134489759589929,-0.36136834071720264,0.7581111614392306,1.165761828164457,0.8641874966358963,-0.35460865039134387,0.5675112999689504,6.6
GBR,2017,-1.1957756098710226,0.0264592153467694,0.5852276775814399,0.7472733540506631,-0.3096157658203379,0.8238431559039119,1.3247254182482977,0.9012685804384133,-0.30899259893852704,0.3891304867637044,5.5
GRC,2010,-0.7672320244365011,-0.39731452615234847,0.5717578304019841,-0.6759851102673129,-0.030342100788078696,0.12464064921562486,-0.09713647652903586,0.8336911699102634,0.6343656329551275,-0.2564935437562862,5.2
GRC,2011,-0.9517689388974577,-0.20707022280558673,0.46746739666041753,-0.6675528961314187,-0.2781754571246513,0.24625346561074776,-0.011701581698683846,0.8279124614134086,0.8436719787116547,-0.05427228689292152,3.8
GRC,2012,-0.8486678569898671,-0.318457057961855,0.3590822012202126,-0.6536261306854745,-0.20759876838001962,0.20376399352743813,-0.11750762986487742,0.966137476629729,0.8271166471436453,-0.05788866503443074,1.0
GRC,2013,-0.8809786081085492,-0.256843953897143,0.36270335256730024,-0.6960288862042043,-0.1621888302764609,0.13139349590230537,0.061328886870146496,1.0535461718896553,0.8513100819979337,-0.2133938095008876,0.0
GRC,2014,-0.6833280361940735,-0.7436054221038948,-0.03538407626335857,-0.22473247356363618,0.2871530103241111,-0.018902733792025853,-0.37688142655109197,0.044449469925021134,0.4077623295441485,-0.5666558292062869,4.3
GRC,2015,-1.0855170476467828,-0.6813139263217651,0.14813924593708477,-0.2704604315955676,-0.12879882404308612,0.12057381654740859,-0.7022758681706802,0.8453937887569523,0.2855360838455952,-0.0806003441311945,5.4
GRC,2016,-0.6815954392730385,-0.9882834191914545,-0.008578158499901532,-0.010273894470527734,0.3383467779112208,-0.09061240693917433,-0.6150395926032756,0.14224360400872002,0.25051570953187186,-0.4177938444624614,6.5
GRC,2017,-0.823482912260667,-0.8172576003840222,0.0450712535892202,-0.17477558284995756,0.14891966707815135,0.06085626165383384,-0.6245439733246194,0.4580734977588364,0.257260987973725,-0.3788334097552386,11.3
GRC,2018,-1.3341413013484065,-0.6582431144482835,0.22459455066358247,-0.17531529458863834,-0.3296695690761822,0.23623896566959124,-0.48559231462549296,0.7264999693673044,0.39973396857814786,-0.2168917472998394,4.6
GRC,2019,-1.7428064867673925,-0.9346952326982437,-0.12769704651440938,-0.16496812596356034,-0.12815257268045305,0.5363518437351174,-1.6490690950179188,0.4883352975897612,0.3930008654153644,0.09618500148357592,7.2
GRC,2020,-1.4297063327179373,-0.5338994585942219,0.1466181906737206,-0.47036305333773204,-0.3025301789681056,0.47132890213560713,-0.48592664127433416,0.45633135366919053,0.3892543133109936,-0.23560571384378085,3.5
HRV,2010,2.3582561327252805,0.2478015938348345,0.11566949395727139,-1.5484261274456488,1.3621356303802306,-0.8777673824714689,0.025497685578675433,0.22804954985845793,-0.467731584455976,0.5188079321890331,9.2
HRV,2011,2.192237821775814,0.5816266627575957,0.07873535526225117,-1.8345862247216378,1.424881307898354,-0.8475292558272971,-0.02679066860918508,0.27496545236425163,-0.5252975524749287,0.5519765288850861,9.7
HRV,2012,2.6135179973604385,-0.04163342633998254,-0.15747959067000397,-1.3467362118807538,1.4647735484934508,-0.8283589649891274,0.06452335874838813,-0.21938295451103773,-0.5803844185029334,0.47660306523783486,7.2
HRV,2013,2.3310419196664998,0.1919593972423932,-0.09003839279295983,-1.645095008108902,1.5012939826891318,-0.838456446133659,0.09395518830317431,0.27833384404169315,-0.5932505943815373,0.4780962635130557,5.0
HRV,2014,1.30894810497539,0.6164480414260805,0.3454544700536191,-2.2928561885716414,1.5831785734187065,-0.64657146783819,-0.5164550826080221,0.45470307884744054,-0.49391255558747166,0.5158891784481185,2.5
HRV,2015,1.3384658046949993,0.6436052226553396,0.5346939526578203,-2.2073800749954224,1.5571064635795966,-0.7741985871182511,0.02068680247695104,0.3514104846839682,-0.5208780710511736,0.45897350177886564,2.7
HRV,2016,1.1795481192681623,0.5723087914860068,0.30821730463843705,-2.2243151445573583,1.5544352555694023,-0.5946900167410281,-0.5123072572299554,0.48386228720656216,-0.4607985437607058,0.41401509959106275,2.7
HRV,2017,1.148866497467908,0.5991317414087017,0.514689245558799,-2.133681046102742,1.5296096426186705,-0.7062462316647949,0.017107054750594097,0.3524272191411062,-0.545200240982886,0.2928473535315934,0.0
HRV,2018,0.7090418378886912,0.2674486945947102,0.10261845871145456,-2.0419571750122563,1.470812776195608,-0.4465285910734967,-1.092492548497379,0.7411961933354856,-0.06541765950143685,0.045078961743982425,0.0
HRV,2019,0.8205013240107769,0.23890102954542053,0.17380722831310896,-2.255189964751922,1.6954099967438443,-0.4260343849828023,-0.9268467489801205,0.6616408135827573,-0.19796977601028073,0.155172772855654,5.5
HRV,2020,0.3670604714565586,0.4768252328507336,0.15746977649852428,-2.4276782246325963,1.3761781151808945,-0.15730637420371682,-0.7919862768879427,0.7183635381135212,-0.06101806681220456,0.19297485402172615,5.5
HRV,2021,0.5860574617069486,0.5496570947165629,0.31872375722739593,-2.5337242333347882,1.5555543898846809,-0.35602144644919775,-0.8579446633947465,0.7305182999576953,0.002116372976037506,0.3862194268906254,11.0
HUN,2010,3.3763198165165877,-1.4885088944364149,-0.016394262812147467,0.5225286538100179,-0.5742652951990358,-0.44989512452575314,0.24170811203239695,0.16150149192562419,-0.32812162856490223,1.756907088218141,15.5
HUN,2011,2.4568654176702243,-1.4254818001763592,0.013020120049019436,0.8431566751805569,-1.3676365626549862,0.09458131814416376,0.3173630614908053,0.9983769327186021,0.403658082943512,1.7573624028457984,10.2
HUN,2012,2.607922449458286,-1.386224117662006,0.24810424026631356,0.3353289525735878,-0.9368585644566458,0.021025753094266464,0.5426053293746631,0.916443709377146,0.018184933772037552,2.066562560569309,10.0
HUN,2013,3.0992475248918914,-1.7478976953300287,0.20237105668676886,0.01746388737675475,0.3390056174670372,-0.9290693510711489,0.7071893231170028,1.0593044328920147,-0.36240849352802,1.1052422528570744,14.7
HUN,2014,3.195185810401621,-1.7190493908813627,0.3060097535807308,-0.0016649781993773871,0.4447876006752014,-0.8779776223260782,0.5756876649106593,0.5704375001098524,-0.571345365022128,1.404239388438151,6.6
HUN,2015,3.185896065111586,-1.7101507134889995,0.2822154981554148,0.042347375968452616,0.3904038740391258,-0.8193903947294758,0.6179904541341665,0.5856508435714338,-0.528699518459632,1.528123519004442,5.5
HUN,2016,2.8468953791709373,-1.9753254787736727,0.35572966954289764,-0.13567828913100666,0.7564647740888164,-0.8899415095577371,0.7878798122158392,0.9166087040098949,-0.4455572342423522,1.1417590706396954,11.8
HUN,2017,2.4239736625231627,-1.3278823525242291,0.47978423530669856,-0.70117154627297,0.9107221300365573,-0.7107715755412937,0.6347525290279963,0.9436464400800196,-0.32252989117670816,1.2904858155580494,15.3
HUN,2018,2.333889830746221,-1.378841456428469,0.49729847747715095,-0.7123481248943754,0.9298606825634563,-0.677074109964309,0.6756662823311433,0.9086548357823324,-0.32523541938230577,1.2682533292918343,10.0
HUN,2019,2.370169918844181,-1.2845516798564265,0.39512611426114796,-0.7356489509919364,0.8893881155930231,-0.6373327794167671,0.677624207222883,0.8162704013743799,-0.3559791362175561,1.3088270795202324,11.2
HUN,2020,2.3777928260515844,-0.40852962743974264,0.30895327441512394,-1.4918208827698116,1.0619030036541155,-0.15042427439449158,0.49359657071532226,0.050709840782544924,0.1246542090383928,0.4346675106370522,15.2
HUN,2021,2.2102611242516645,-0.6610980590697029,0.3671514010742507,-0.9730620242449914,0.37575338517985346,0.05067007655283283,0.4118503953688448,-0.01907066186755979,0.837087998791236,0.09710584751950163,25.8
IRL,2010,-1.5534744753509067,-1.7072354788146558,0.51853410368716,0.5158724447922975,-0.7660176908854539,-0.11135809377443123,-0.10064086211951546,1.0508787260527885,-0.08241779588500237,-0.0938389374710023,1.3
IRL,2011,-1.327955385559917,-1.7707668072598826,0.8443965366253248,0.15513681866275814,-0.6656379499547931,-0.1211301896221263,0.5220513050855821,1.5122938762347293,-0.18547291239393482,-0.3873440367532121,2.7
IRL,2012,-1.4900922649597712,-1.9326001438114573,0.6341413297304701,0.27770168313090343,-0.4361173437449191,-0.27129421440961266,0.10284807818691125,1.5402059589548864,-0.19810951701816581,-0.2597793609886825,2.8
IRL,2013,-1.5317978282231455,-1.9574020606821896,0.5846229719046137,0.13510571972324187,-0.18935283671436942,-0.34463259771216437,-0.1241780420439145,1.520159443059625,-0.2943819608081485,-0.11316293772359426,4.3
IRL,2014,-1.6193889391453733,-1.9020221620523787,0.5472510718076664,0.01645663796672897,-0.10248822768496091,-0.35313999305191723,-0.023341572255818906,1.421146038302881,-0.33880910666453157,-0.14816891920887543,1.5
IRL,2015,-1.8510650889492413,-1.7805702167840356,0.4814690150548935,0.10082866283233993,-0.28984591650349445,-0.304546239071818,0.1548060368197194,1.4274763271413826,-0.18327406918789135,-0.09858988963959814,1.5
IRL,2016,-1.696572181084166,-1.6498774711843218,0.7427720297880831,0.1314572163469433,-0.5575299381475105,-0.37925445760445153,0.9596834424824277,1.4246497696058955,-0.23694354591966782,-0.3152547950208303,6.2
IRL,2017,-1.8486024903820053,-1.5757615905281648,0.7143102679055704,0.1120696831781634,-0.4908901171400845,-0.35963893870850644,1.0244573241271981,1.2845986582107496,-0.13298924915826155,-0.38070331696790727,1.6
IRL,2018,-1.9925371929793285,-1.6339638237981622,0.5208747394408306,0.10050802892563462,-0.3950611245772485,-0.3239345827085547,0.719246759114175,1.2057952437681394,-0.17401300370209266,-0.33791795671334235,0.0
IRL,2019,-1.956402809894369,-1.5142605812725125,0.6648013676350931,0.13111864979573967,-0.462224666537328,-0.404271943026513,1.1321632191146935,1.0849861104400194,-0.0785981211837748,-0.43468030680996245,0.0
IRL,2020,-2.0015292492853214,-0.9468008094053344,0.5383678798010968,-0.3577712313886527,-0.2746369145945458,-0.1780251894032173,1.2007090918652632,0.7813925247836554,0.06850739365209169,-0.7384378655534578,0.0
ISL,2010,-1.8373612710100071,-0.33095301667547883,-0.12793917139799152,-0.36671587103951997,-0.7293091439588781,-0.29272021659485303,1.015248519816703,-0.5313221707596408,0.05310400446773389,-0.2865234761057823,0.0
ISL,2011,-2.0401329508933372,-0.29107693125055173,-0.1102036297096764,-0.5813140598420699,-0.5659634512349122,-0.466869248014234,1.5650597015953054,-0.3545744676553282,-0.0023744551389960344,-0.5678883363154938,22.3
ISL,2012,-1.4988674321046527,-0.4268632249225064,0.4080601681148312,-0.8493555382709971,-0.3156999839609946,-0.49450117382120445,1.8694473228256192,-0.2535827645260844,-0.6944906795640531,-0.1296469538825743,0.0
ISL,2013,-1.974937479453578,-0.01891630856691287,0.022362687211147647,-0.516311360662606,-0.7694070822711848,-0.4214777789119193,1.6688601716769842,-0.37967372805505384,0.17047636488249657,-0.6686371067010697,0.0
ISL,2014,-2.135866656548254,-0.3225839638058127,-0.2164407729045103,-0.45060695557384467,-0.5665444425156236,-0.4701567359006036,1.8239170769845405,-0.2722742281519735,0.33437987225006227,-0.43872062626143554,0.0
ISL,2015,-1.8979949815620785,-0.21161678121584404,-0.049553793517060546,-0.5050407115977805,-0.7686678830744308,-0.29791200465456463,1.8337194023763543,-0.25346832519571827,-0.02924291023840292,-0.5704747288006099,0.0
ISL,2016,-1.9013142383884443,-0.31810453191173693,0.045949171531099425,-0.5429522802500854,-0.15627695025396485,-0.7349627345858549,1.8009778795237166,-0.6554830846024113,-0.25515862150197754,-0.07009117596981379,0.0
ISL,2017,-2.251011939915692,-0.18522812494152646,-0.052310716810962,-0.3979116855471906,-0.686701260159648,-0.4362340812557277,1.6990484981841667,-0.5639511631421509,0.13399388722794328,-0.4748804318192544,0.0
ISL,2018,-2.3358100124095262,-0.030625817059056232,-0.29367335462238925,-0.6165668700439035,-0.513966249203889,-0.2412850335632506,1.526567125881321,-0.613173796345749,0.23856504246300417,-0.5683320060873673,0.0
ISL,2019,-2.191388337229942,0.18848826676788055,-0.5252446470882591,-0.6872393222551915,-0.3943076622350999,-0.38503870614919017,1.5552418249933493,-0.7133239143638093,0.3226173599670245,-0.5301079361837789,0.0
ISL,2020,-2.1935779988142254,0.21096418908835915,-0.3186494269345531,-0.8846237997194567,-0.6143660305038662,-0.06075873838906143,1.414102718472204,-0.815109560405382,0.234425435669124,-0.6165006378375385,3.3
ISR,2010,-0.6468379221609223,-0.7472798693270433,0.6359317721774382,-0.6215220049384864,0.5861131289224357,-0.3098663283370531,0.06297144297820921,-0.18015008360990947,-0.47577708646166045,0.5688393325535547,4.2
ISR,2011,-0.619178916417737,-0.7326088465925049,0.7594411136597057,-0.6475244033330962,0.5672126734796904,-0.3356256097906638,0.3358507121471032,0.004639945989421086,-0.4100177081554285,0.40846308350253097,1.2
ISR,2012,-0.7356181740746784,-0.9465996341141427,0.7273696979370841,-0.7539255444026425,0.7958879099308875,-0.29086222854364874,-0.08207481701758762,-0.06933181667847266,-0.4533196398870869,0.630283957601461,5.3
ISR,2013,-0.7542255219375025,-0.7098991304434186,0.4685163910548946,-0.5935466241818066,0.6078627464420244,-0.34720742938356075,0.13210976917700712,-0.10109816295953239,-0.4611320989997961,0.4206585477545699,4.7
ISR,2014,-0.999423585805089,-0.8923040344359421,0.5554989053694614,-0.7149878165441192,0.7032748345933921,-0.13945511062949847,0.11398907641500375,-0.2406755230821454,-0.38386502924548255,0.40678677194006474,2.8
ISR,2015,-0.880114878371149,-0.9214945274052165,0.5938241310818378,-0.6331090879383404,0.7152128620568962,-0.17069822759191136,0.2514167250881194,-0.2818293850104995,-0.5149322873441373,0.3554771782027783,3.9
ISR,2016,-0.9798929545938162,-0.842748706695628,0.6203060847045756,-0.7355646821313035,0.7289275549423043,-0.10388983033580032,0.5016810117610105,-0.3394586614151944,-0.43866862754192004,0.23495353832188506,2.2
ISR,2017,-0.7315681491786123,-0.5940049772421444,0.19723913614360425,-0.7220356955419522,1.0044579177340327,-0.4268343909951335,0.36050785986103684,-0.21603066751325362,-0.4566169597665395,0.12576741035824057,2.7
ISR,2018,-0.8622507744574397,-0.5679318684461133,0.08659940176129283,-0.7216653808705007,0.9345421121746388,-0.3898134187740503,0.32954569699778474,-0.11536368176474007,-0.3732142435491407,0.06663912876773331,3.3
ISR,2019,-0.9033118637947146,-0.5675667824935954,-0.0023334401645274602,-0.8562302084827087,1.1364759810166118,-0.3763130553931085,-0.10387644414950398,-0.3040247321277713,-0.4673462264028132,0.16898024955111007,3.3
ISR,2020,-1.077419451933427,-0.08952069486700526,0.09790970815722316,-1.1491468456562224,1.0143439217860828,-0.10867295447918943,0.34124289777153705,-0.4392614258512807,-0.3134181384082023,-0.23023852563113734,2.8
ISR,2021,-0.9123153250480512,-0.2053108000182715,0.0012071630123430543,-0.8881774153739902,1.1164327900349016,-0.3517746444716757,0.1896841465031775,-0.6167863117670576,-0.29845024552438304,-0.35474044487504147,8.1
ITA,2010,-0.8536504896202542,1.2395642583379227,-0.25811062111160027,0.037101061763860854,0.12183579484679202,0.7004391835374072,0.9715969774023216,-0.1852323355124637,1.3336940959632948,-0.021361523468415106,2.9
ITA,2011,-0.9232571147173726,1.072242350635103,-0.6761656139893542,-0.07672911847072228,0.390686082385625,0.7201984223079836,0.07696963887243108,0.1467546259796771,1.3023687497405563,0.08920940206848284,2.6
ITA,2012,-1.0869778923673037,1.0303705321606647,-0.5952831100617658,-0.06758362745287194,0.2867189760217764,0.9638714541256134,0.01439335223611593,-0.18802458274035946,1.2324367620590875,0.2354554811800527,2.1
ITA,2013,-1.1167714895448002,1.0814189829771352,-0.7449220756690265,-0.06902744803324368,0.35350454987899843,0.9076286607006513,-0.014762218967203533,-0.2458255753734271,1.1743287932267723,0.12676877838760806,2.8
ITA,2014,-1.2548431454264168,1.083665592093547,-0.7450172422337836,-0.1549815015025729,0.3603609764354952,0.986662425144581,-0.09805220415382837,-0.2802320138174448,1.0828719124229302,0.14658896930847387,1.2
ITA,2015,-1.1893826764896873,1.2412589798800442,-0.7470916039804893,-0.15998924018741284,0.3758823494277344,0.9531875746831526,0.010144732874865336,-0.23479409268800694,1.0306245581889306,0.2043177188922174,3.4
ITA,2016,-1.5238013546206273,1.1116789385031252,-0.4996458644282299,-0.18118873416312697,0.3411131369456297,1.0637411173841096,0.29644181207014636,-0.3280392123586631,1.053260195637266,0.02877650814156299,2.8
ITA,2017,-1.6907331951278433,0.8741234620339793,-0.31724296645377553,-0.10996257085584715,0.29430143909598094,1.3203595832744217,0.1445512040755112,-0.5611034837609946,1.0874026948157947,0.15740719648125448,3.5
ITA,2018,-1.7141891706421775,1.1264893279425632,-0.48085982487123763,-0.2024260712723741,0.3199503145578461,1.2253233677234465,0.028445294797354193,-0.5184381053728013,0.9692877176139152,0.1934545446575784,2.5
ITA,2019,-1.712778825540879,1.1264318257136294,-0.526073781305693,-0.20654833198158867,0.31425928664858865,1.2394904300615206,0.05658865919090811,-0.5184530640711501,0.9590373979834711,0.20448239132392917,2.9
ITA,2020,-1.743438381650496,1.367490720601187,-0.4378163171884647,-0.4244986759909386,0.28252968318600324,1.1967721497306671,-0.07980360810145082,-0.44547009550980887,1.0432873152153737,0.28447391508076114,2.7
JPN,2010,-0.14400090465566878,2.927854869400776,-3.4090310246294293,2.6722896510817806,0.9367777898480942,-0.4919090659559895,0.14977486664403972,0.7395174088301817,-0.8919005395618111,1.0260068677201746,4.6
JPN,2011,-0.012439416291736949,3.936060805883894,-3.0508124009762536,1.455614065857542,1.1729768114317425,0.2034467574094163,0.7752347747154379,0.3401351797138689,0.01140627786425924,0.9313758239588692,4.1
JPN,2012,0.767150158106258,2.029659635584504,-3.6789530907633186,2.6522638514030286,1.6196683707262058,0.09405645106017668,0.6430722343969297,-0.2795629061661272,-0.3128364208642245,0.7063992341753138,4.8
JPN,2013,-0.3137858190249365,2.8892434274044625,-3.3299374149367673,2.54901436861919,1.0245379687552143,-0.38015579807212996,0.24148187180279695,0.7145243026479073,-0.8402554485835837,0.9722880452257535,4.0
JPN,2014,-0.0751904586371861,3.7777712117622912,-3.1505369217655605,1.4695137981562145,1.2448745845843467,0.2066971093229244,0.9038310489749057,0.34071967422236266,0.09855662775976065,0.8646430546292776,3.3
JPN,2015,0.6338072969675277,1.9578185097098468,-3.6618078067725155,2.582087090928938,1.6533339466141255,0.1802266617087378,0.6904934015975193,-0.33421397746028636,-0.31810449089835413,0.6630426237130809,4.4
JPN,2016,-0.5675619929519202,3.1764421517216372,-3.3847494309482524,2.2073554931164607,1.1530283683393676,-0.263468235724714,0.23123850480649083,0.6646566233440326,-0.7223294339529344,0.8799674010350687,3.7
JPN,2017,-0.28426215646096054,3.6855540902740076,-3.2430016286178756,1.4425230892802945,1.3487646305217216,0.3530680644386821,0.7003418232040464,0.28586052867521344,0.08028062745024528,0.9209794491494823,3.8
JPN,2018,0.6810401783287727,2.0790520475725254,-3.3655472317990514,2.6412046353460497,1.533923003335961,0.1360866988829792,1.614179186650576,-0.3553178588765719,-0.27971305406883507,0.5192281101145331,3.6
JPN,2019,-0.6835453418758946,3.1380107856057897,-3.3394591022246654,2.231002508092417,1.2097937063793223,-0.12455556335758677,0.2623292317258676,0.6104511833095432,-0.7120720489640708,0.8433706137305613,3.7
JPN,2020,-0.3876530469083107,3.608770829216131,-3.312492210360899,1.391404119383386,1.359257579483672,0.36709900419351427,0.7382387150281599,0.2176383144627738,0.16359488879563733,0.9359396562325646,2.7
JPN,2021,-0.3003241257209429,3.200631961339806,-3.02113115227582,1.3572315495167373,1.800617194477244,-0.00921388225943165,0.5731185089290287,1.0226381165934608,0.02147740159277034,0.9894428989491779,3.4
KOR,2010,0.6138179333837941,1.031649431106787,-1.8769927823431976,2.1945362839340032,-0.653590918353843,-1.7163799303761984,-1.52312423057415,0.4973820197369666,-1.0642762348834247,-0.7508925739784041,15.7
KOR,2011,0.5474786043195707,0.7752492318827026,-2.135733814492459,2.2617507455905246,-0.5487294694047201,-1.5322139454559525,-1.6453374609700822,0.29655025193287476,-1.5158314429877067,-0.9116406361742614,17.2
KOR,2012,0.4712898151554989,0.8106934233542478,-2.1478951219995714,2.383462715197842,-0.6106777443351958,-1.6842211182334283,-1.4163550846331998,0.44857486324244233,-1.5772447030408308,-0.7514920491877122,9.9
KOR,2013,0.2067008984073227,0.9309624112718085,-2.13012323677419,2.1331272918048843,-0.5470179002241219,-1.4953476013248408,-1.3422316603571962,0.2978379059178474,-1.5374145622201454,-0.8068741699141783,11.5
KOR,2014,0.02828569411058651,0.9488826716382706,-2.1145641219977644,2.0989587466922983,-0.4813155875123816,-1.5256561102164368,-1.3169459947850586,0.3514268357835908,-1.412225799660877,-0.8069437988900879,11.0
KOR,2015,-0.16413491797408392,0.8980468307770204,-2.1465218651281663,2.088856163595895,-0.4577749066876938,-1.4963830747394207,-1.2087733300292303,0.3190110953782246,-1.5033665117806312,-0.7801552406477813,8.7
KOR,2016,-0.0799582775038178,1.2124314617412457,-2.156707275806966,2.0006831982386237,-0.4929423446793853,-1.5389293785594775,-1.0918252611466865,0.32720090694842063,-1.518762521868362,-0.8315382988421823,8.4
KOR,2017,-0.2877663195102087,1.2240237797732683,-2.131581550015602,1.8296426388317055,-0.4126749797144453,-1.4423636218007436,-1.0452522668379327,0.32108544589001653,-1.4644664678486559,-0.8536991093901825,7.8
KOR,2018,-0.37876347891853845,1.3862681172061015,-2.0772952363123394,1.7401943675676745,-0.32786309584325557,-1.5752880971240644,-1.001229551054055,0.3886291049560061,-1.1311702294500654,-0.8288993926508197,11.3
KOR,2019,-0.6492781691331962,1.418099162361227,-2.256933179006108,1.513052126706152,-0.14254298479579938,-1.3462429132230018,-1.1167241667677048,0.27254866423318025,-1.212561681169575,-0.8993073841618805,9.9
KOR,2020,-0.728073352506438,2.1511135178673673,-2.206432897405722,0.8176201689180229,0.006764081066893329,-1.1929727111237356,-1.1357589188239379,0.3025767148929114,-0.5919646941069591,-0.9042483760513439,11.8
KOR,2021,-0.8650136655244269,2.2008692509256362,-2.3071037436169477,0.7508547869485253,0.13379495696320154,-1.091175818045124,-1.0556403832866086,0.07973507055252284,-0.8222947237256828,-0.9861771121677234,8.8
LTU,2010,4.440649821514748,-1.0309858044221585,-0.6417394991394323,0.6874701706436892,-1.6851422834276206,0.5173150590782364,-0.622981694146961,-0.4283259655557967,0.7529202129410003,-0.0027862742013005093,6.5
LTU,2011,4.643403044428085,-0.7792956527126819,-0.9581336695366115,0.7492338534905976,-1.7468841244824937,0.4816593818153017,-0.6562770495477437,-0.3974945914694016,0.5608469338574172,0.10221395170135317,6.6
LTU,2012,4.7836992260852975,-0.9808197553796769,-0.952375649294255,0.8215399702371745,-1.5987216730201412,0.4364108542416754,-0.2740057902236283,-0.3966652016950951,0.5795714241696025,-0.15464472837529575,9.8
LTU,2013,4.316874761612182,-0.875321209949286,-1.047702243850764,0.7405075111157672,-1.696945600575296,0.5112805042853433,-0.742277893901056,-0.26745352842568554,0.46193815982192254,0.0007375225396205609,6.7
LTU,2014,4.168074930930809,-0.6405027707406409,-1.1758003731526396,0.5857978116481981,-1.4450854025473088,0.4013055019140497,-0.6544820456856006,-0.42541678650677683,0.5442650793849481,-0.18829943944544114,3.3
LTU,2015,4.382516399746791,-0.5163364613415152,-1.0516778763038384,0.5375155102432531,-1.5397047336138285,0.452265039193852,-0.6358231295633818,-0.26143802989123444,0.30954856392833435,-0.16230095313789594,9.5
LTU,2016,3.937809638646529,-0.5348763986287077,-1.3132986205384098,0.49546577788615476,-1.4428948044792171,0.36957116436728926,-0.9079377106971711,-0.17476482361466528,0.4250252872110331,-0.326255746474133,6.5
LTU,2017,3.6528467992781963,-0.4277084079778697,-1.271476103517394,0.34700684873355,-1.1995800081777204,0.32814283927287785,-0.469086233701295,-0.2405131875657795,0.23357435820325798,-0.3728366143514904,7.0
LTU,2018,3.517034388071201,-0.2549749268973991,-1.1926430301948363,0.271789030648138,-1.1928564534166513,0.3144702359368661,-0.36824154144771887,-0.24669917208052478,0.2559677268058629,-0.4585048989073992,14.2
LTU,2019,3.2888316095456003,-0.2055138276817764,-1.2195414841157421,0.10243475764253235,-1.0394773207746804,0.3210584522725057,-0.2417372755707294,-0.3698182347478338,0.3537234688481905,-0.5024629375574851,11.0
LTU,2020,2.9922002745703216,0.8669322454582876,-1.076104202364991,-0.8901581828562724,-1.2602792663192357,0.786308584189251,-0.5261034396330277,0.10422439176629306,0.3312334620097031,-0.04957773942688504,0.0
LTU,2021,2.6939816687020173,1.1068757126246025,-0.7833616891156431,-1.040968028003049,-1.2200263254776784,0.7243940697392379,-0.4200737484717228,-0.04613609943894764,0.2976852702811496,-0.10221702832636492,0.0
LUX,2010,-0.6244426150700693,-0.5039541206626154,0.31374722881782235,-0.6108661887629663,0.07038968478367569,-0.20759571683998487,-0.14968977420908858,0.10204890259655333,-0.20830571331178843,-0.7025531736941745,17.0
LUX,2011,-0.5201130963838944,-0.4236166938319417,0.28129083501870605,-0.7480707872921216,0.04526209943870188,-0.09291567483989338,-0.40766014002614565,0.35170336154599,-0.28339266086804105,-0.5288956376168534,0.0
LUX,2012,-0.6508890170199532,-0.5891135334426332,0.10014809994674,-0.6916708670033587,0.06089507265274324,-0.07597601498954398,-0.2346002625340593,0.0724375051226993,-0.31304028011360724,-0.8257301126497963,16.6
LUX,2013,-0.6180433706598542,-0.5193387261030231,0.013549375986503437,-0.6031581792651542,0.18995196699457859,-0.23802538322887284,-0.2146597862624543,-0.14360300753938698,-0.31309315754810274,-0.8118422283762237,16.4
LUX,2014,-0.8172788860401081,-0.4737039907962152,-0.15729973388658083,-0.5418060675567791,0.11872605355125021,-0.21867848087916453,-0.26609970786962656,-0.03799151444201186,-0.3794948510438875,-0.7377396349028602,0.0
LUX,2015,-0.8539948940805389,-0.3306390439707738,-0.14971663941917568,-0.5422616515854037,0.03999303813885241,-0.2707234897703182,-0.1808972955462917,-0.13881642615223166,-0.3251339524096027,-0.6371087295204585,0.0
LUX,2016,-0.8109246598104941,-0.09422628031566234,-0.3325242998301077,-0.8351682671420347,0.22445988203731307,-0.26274129451594086,-0.15590968129831342,-0.12159304272527655,-0.28203009708523996,-0.6238724383564349,0.0
LUX,2017,-0.7709217949672726,-0.44802829346757334,-0.15719146607150547,-0.5431418022265918,0.18001264538703035,-0.2855075927987309,0.039190482247195735,-0.20521028154849344,-0.316029293110331,-0.7018266569701462,32.4
LUX,2018,-0.862605027982891,-0.2932953738202881,-0.26554568512939847,-0.5516576939952815,0.06589732784405489,-0.2506888489091472,-0.1522446651742073,-0.019625311079958747,-0.39687533783675544,-0.5630980464502378,0.0
LUX,2019,-0.8939285728235937,-0.36235442371956383,-0.09795944056626854,-0.478396764440284,0.1158503901524714,-0.2022366299622109,-0.040046936809688405,-0.16274315104531967,-0.3497418616588631,-0.72681248353225,0.0
LUX,2020,-2.117413075289953,0.39692205461127483,-0.5446370700048234,-0.9080403575533686,-0.21282723088199956,0.1663348954001907,-0.18858858298318093,-0.48982505014807826,0.17908008427458327,-0.45275680308643407,0.0
LUX,2021,-1.5496597813700845,-0.08897638306925623,-0.27256357747348536,-0.5409558352626466,-0.1952031267227285,0.3176829500635704,-0.11522785468463734,-0.5335754133851032,0.0790365536650697,-0.8591394303954858,0.0
LVA,2010,4.941821447666372,-0.2860847488092355,-0.41233198691933287,0.24748746005757558,-2.5381790312055537,1.0814488495353833,0.33140386249766907,-0.34333973209795265,0.5758000329275774,0.6176039138302688,26.1
LVA,2011,4.843191334428227,-0.1648650983709734,-0.4828938486237718,0.22187602130296571,-2.4795423718884146,1.081609109836555,0.2715771910103793,-0.29815700071011436,0.5023023945734961,0.5170278408226102,5.4
LVA,2012,4.838523041469268,-0.2797942434524444,-0.5657603141649742,0.21482086641210899,-2.4731213552953957,1.201213171584264,0.1597411109488265,-0.3829719464139691,0.4357669420791175,0.4891937718393863,20.5
LVA,2013,4.9853761302667685,-0.03836408365431021,-0.5049979849038281,0.1204978419315961,-2.518570464432622,1.3466266907581617,0.44888731053050823,-0.3178668179631026,0.2080991974629826,0.3830311444088531,24.7
LVA,2014,4.77636822056463,-0.20781036619068138,-0.7361001746738386,0.21256863850403926,-2.451262714522316,1.1416012110664464,0.4409300238377336,-0.34347396808373376,0.35500558912922636,0.3728044343679814,14.0
LVA,2015,4.759683866261893,-0.26804740924915427,-0.6171169155115147,0.25223715200900465,-2.486362427591552,1.1834731198007955,0.6247779824474793,-0.33699643997857087,0.26523330883724733,0.3389662435882682,55.2
LVA,2016,4.671715149708977,-0.252598694489496,-0.5703796837816211,0.044540427324086806,-2.320417275984459,1.408938745673778,0.512052961276011,-0.16587944976350172,0.06539155231526506,0.31623475429364944,23.0
LVA,2017,4.540653638735308,-0.02064212856898706,-0.6357186916955333,0.07848656875351245,-2.329115817703158,1.1317183814751561,0.5240776170435208,-0.11585248480361499,0.1416501616166782,0.3183749082271847,4.8
LVA,2018,4.487510771902493,-0.1719568174765348,-0.5212308857666488,-0.04412960212923764,-2.1342768028844676,1.266789079517767,0.563373082263672,-0.12283624269797666,-0.01443442316492527,0.3392698449146968,15.7
LVA,2019,4.2487251946243365,-0.013861054033949105,-0.5992049745250322,-0.007109666867397807,-2.1400730284861145,1.2450670843484994,0.3922012647886052,-0.18212943275668347,0.08248488620026517,0.19182018127719103,37.6
LVA,2020,3.686879626475004,0.5418118851818842,-0.28061296945789804,-0.8306755993035753,-2.0114045048234233,1.6200896664446622,0.3351567091889147,0.045117318013992214,-0.18197360206590907,0.3193545969116683,22.9
LVA,2021,3.785706318409148,1.0817698708296697,-0.021911373250397603,-1.337225516414026,-2.00030755651375,1.8344346809109116,0.20529845903959384,0.0897609090631929,-0.1999047036307804,0.5059658604385027,34.6
MEX,2010,1.3780668091568287,2.483213372794968,3.980441414074197,1.5192680637867164,0.030255096704484785,1.4326057965241397,-1.3893345717414525,0.183852692795356,-0.38410633887895773,-1.0959202033251787,43.7
MEX,2011,1.925008309721166,2.397763432290059,4.112246545611323,1.1289723369297158,0.0959897343765046,1.4937007280294818,-1.3648875737628046,0.12447196147343409,-1.1483377088492657,-0.9084546239526522,42.9
MEX,2012,1.8648177023281538,2.4214210027834833,4.081590245415223,1.0437524998132597,0.17408688858458166,1.5145810190433644,-1.308745820497665,0.12802417336520122,-1.1361261001030551,-0.8819937254282965,42.1
MEX,2013,1.9396681416072363,2.3734615361601015,4.078392740983819,0.9020811355831503,0.3423635923874844,1.5451826753106963,-1.340890325002791,0.036620833897389,-1.3833130696812281,-0.6077340803834477,37.9
MEX,2014,1.8967008019868206,2.4587383862763486,4.117527522297475,0.8928342097473102,0.4144136515287795,1.5087697351678282,-1.294559158392338,-0.07840278157429958,-1.287802457171736,-0.47952501099835787,38.7
MEX,2015,2.0821461199814597,2.619705729157995,3.8383659233292216,0.7850106854385002,0.4871045519521292,1.593937463136759,-1.3139065439227071,0.08857487063081958,-1.432098154356018,-0.387404031117776,35.0
MEX,2016,2.0971989270366063,2.6661520316212473,3.8888481810156055,0.8171125556770379,0.5435090649125096,1.6966100284496928,-1.3102093317223225,0.07951084700441634,-1.4687246691534668,-0.3278144229698844,37.2
MEX,2017,1.868369039625153,2.6853865011371147,3.8277922407083,0.8216168578050075,0.7107880628890024,1.6786866108205518,-1.41633722750417,0.07814139375147681,-1.2168376326289068,-0.3551690812810873,35.0
MEX,2018,1.8197441608957905,2.820981632836087,3.701150137854896,0.6756086182343671,0.9845566627098545,1.4171177655568532,-1.2900390459846156,0.21350896797287391,-1.0255435875163892,-0.27470034108005525,34.6
MEX,2019,1.0971407080422526,2.7028299940661324,3.442371123707991,0.6901570864270826,1.6243716966591963,1.0461776690735105,-1.4317458192906625,0.2710025853947288,-0.31454322879029806,-0.32862401174463474,34.2
MEX,2020,1.0459316788687079,3.305583790419198,3.316778407217085,0.6155269179507294,1.1684815285245744,1.850464984557917,-1.3658946247016477,0.155957377337206,-0.3136555596903959,0.1540185756458564,53.2
MEX,2021,1.9433063523552332,3.5133595960659245,3.571565203344638,-0.020500572876107265,1.0281492193990587,1.6038060518909514,-0.9217682589466125,0.32886162468456265,-1.1018739157524193,0.33430850002317003,58.6
NLD,2010,-1.6270397388595432,-0.588125551667739,-0.3515084997865752,-0.38654866478107774,-0.5398811299946502,0.8068729043401397,-0.9824255439093825,-0.21217599422697478,0.19597197434086766,0.7957521769184974,2.2
NLD,2011,-1.3552732900118682,-0.36124093778015903,-0.25712148894939657,-0.4616920569629578,-0.6805026776036676,0.8803918661708301,-0.5657745260372725,-0.1840638820192435,-0.026816717398925438,0.6701327074440191,1.7
NLD,2012,-1.4454352274489872,-0.5218216769757846,-0.3740874034185713,-0.39537344384353956,-0.5977131225881009,0.8210123424593883,-0.8272257378856388,-0.22151123249422594,-0.007543122571721322,0.7972506175768972,3.4
NLD,2013,-1.9116583128848892,-0.3502846958969328,-0.4982531327796283,-0.38322241614440006,-0.3426280137595169,0.6396524260143108,-0.8404716967653352,-0.3415721575901882,0.30101257558176275,0.7483531061763902,2.3
NLD,2014,-2.1918396140287753,-0.6976204974139107,-0.694419850616209,-0.23184818999523374,-0.2998237063778191,0.6659441369725623,-1.4316617580553752,-0.26054145948315927,0.22949584989357522,0.8592277936901466,2.9
NLD,2015,-2.2040388354691554,-0.8084448581594113,-0.7463428059678572,-0.1035017543268133,-0.251944932422688,0.5361279954637193,-1.4622334217918518,-0.20674128066017072,0.19401443113698666,0.9735329516506672,3.5
NLD,2016,-2.2970832010349254,-0.8239808243402797,-0.900304767346162,-0.17979679446636426,-0.1403972151666098,0.6069675393662837,-1.8407726997837144,-0.2770082088378262,0.17106114960736196,1.0885521836068548,3.4
NLD,2017,-2.335162204349292,-0.7383097008754351,-0.8552670148544446,-0.2110576317386953,-0.1456937883281782,0.5966807182274798,-1.653182007830725,-0.34544391866844554,0.1310289809267779,1.0182705469651936,1.8
NLD,2018,-2.390952841366979,-0.6498474353105973,-0.8807888828209686,-0.28154980252209144,-0.049806293052293726,0.6105775374775815,-1.694465223861531,-0.3651521111643908,0.13014006312062662,1.0258472274914099,3.0
NLD,2019,-2.4227830979601075,-0.6056453679480933,-0.9805219216165726,-0.24887091280880805,-0.053222042108455325,0.6030665195128267,-1.7223546775328198,-0.3834364427592915,0.16919269936624046,0.96994295908581,5.3
NLD,2020,-2.585033082845481,-0.28893366056612513,-0.86476618139615,-0.6831399865847012,0.10110819020536208,0.8042938609405167,-1.7902265414878662,-0.5961384783046625,0.3827479701448553,0.7411961078038216,1.2
NLD,2021,-2.3152936338736936,-0.018556093064123425,-0.9275825462681134,-0.705928434133889,0.1057512011535637,0.664544614501286,-1.4257584413400362,-0.5336879980508072,0.3710531992720328,0.7296872956408587,2.8
NOR,2010,-1.6012432652359352,-0.823859783175121,-0.31329842972980027,-0.0977694861833982,-0.46998433069040624,0.04078097983487189,-0.2738691673848979,-0.484562107377013,-0.2681205982152196,0.5143060961792494,4.9
NOR,2011,-1.4827452666708298,-0.6497889273446757,-0.38066255556556466,-0.12628676204513234,-0.45284603767585274,-0.021596571164173795,-0.255914422795142,-0.4191970343951629,-0.3222039770265067,0.5145995917549169,4.9
NOR,2012,-1.6967606581070749,-0.8988958136427675,-0.1540004691627566,-0.09446291451790714,-0.436249744444521,0.06320454812714452,-0.19038691735721727,-0.5885854799742014,-0.33178209808434844,0.4717897796199563,0.0
NOR,2013,-1.735002149054555,-0.7786271239910878,-0.356355661892525,-0.03131027544456838,-0.5347549148433486,0.029566725184196507,-0.21317678738328913,-0.5041316991825309,-0.18508468389268443,0.4379051296967234,3.3
NOR,2014,-2.042269650928761,-0.8814279598349627,-0.4678529843671193,-0.10241080207029624,-0.40303581638042785,0.09551952289133936,-0.6292951127745844,-0.5616567358163695,-0.17058054191848737,0.5353502744280693,3.3
NOR,2015,-2.0081847222407356,-0.8021337915793709,-0.3390672217735174,-0.11468828910340298,-0.413383270144776,0.014765573955315858,-0.2243973908400287,-0.5846700614086298,-0.21371896068180932,0.39421956393743957,0.0
NOR,2016,-2.1556022552890886,-0.7994843213288054,-0.5258360223246688,-0.06340563238137958,-0.28989747923088044,0.0198676401672484,-0.6344106237882292,-0.6154028409864993,-0.16433265524387575,0.4752429527822422,0.0
NOR,2017,-2.1531572307261735,-0.7611632595551119,-0.5553892692526745,-0.1330241232773825,-0.27868596316253946,0.04015992359633838,-0.6238187769129331,-0.682361333419822,-0.11296428073990275,0.45883181242096654,0.0
NOR,2018,-2.172817954020105,-0.6466222958432419,-0.5808158021069681,-0.15177034299229852,-0.2989009451297838,0.012038077475420766,-0.5958776181608425,-0.645040518513105,-0.13014107487138596,0.44681945429589837,1.8
NOR,2019,-2.0143786392224303,-0.502624331317018,-0.5713091150998106,-0.08791957420679153,-0.3433737947312563,-0.14337353914063472,-0.013134770856589928,-0.614975581660546,-0.05576067695023573,0.36637303987436204,0.0
NOR,2020,-2.059292237293168,-0.41163052356666285,-0.6587090090051242,-0.37698465476279586,-0.3230514614206119,0.1245049934113738,-0.17788505206912836,-0.7025504580543626,0.017529697440378494,0.2763823625666594,3.7
NOR,2021,-2.109488839772694,-0.45350696752780917,-0.662750895635384,-0.30684941970685936,-0.31988184923472207,0.08102300232097226,-0.1425702973505312,-0.7580281595019647,0.08837448425117203,0.25827767590312206,3.7
NOR,2022,-1.2556802655061856,0.3466659761066175,-0.8937792622622612,-0.7969443063334625,0.03952531300742965,-0.13347309748132216,-0.14757317869184847,0.025517641622742993,0.2913201513957041,0.10185799574866454,0.0
NZL,2010,-1.4408881310323762,-1.7846422934850663,1.215303588934464,0.5995728734921902,-1.1457038470350778,0.1380724788370421,0.34049589294407173,-0.022459639435657652,-0.5342113878565069,0.4870582142749151,7.7
NZL,2011,-1.3517318817211332,-2.0008209282590386,1.2325457074269188,0.597628712706726,-1.242825656427844,0.37152698732858114,0.24443775358435188,0.26778206182323305,-0.7310055269965686,0.5030442837753341,11.3
NZL,2012,-1.4397021162192138,-1.8982930107948268,1.147627193320502,0.6457322426541066,-1.1532840696947317,0.22850376752395696,0.11422997822958197,0.13297811815434385,-0.7002171966637584,0.4727108367528547,11.3
NZL,2013,-1.500096492328146,-1.6959132594575637,1.2187727422189367,0.5926842720394767,-1.0885585137663958,0.2123144046756792,0.44949366553109077,0.004841464002185103,-0.5562737552603617,0.24447526170066192,16.8
NZL,2014,-1.6393800476058908,-1.7248331602970763,1.1803182371501106,0.4848371890254756,-1.0583910317166172,0.23030253641126075,0.39592103381759175,-0.1254294049469311,-0.504082386498852,0.4262139657108073,5.1
NZL,2015,-1.6486071183443982,-1.716504081490681,0.9535598264631799,0.7005684990175222,-1.0654633709511219,0.016785984936266596,0.3181739002914648,-0.36253884120179247,-0.5370986780468233,0.5250998954946706,9.7
NZL,2016,-1.6776722318103785,-1.6700386292930773,0.8904911549154665,0.7294786474742374,-1.0014568640693438,-0.08609327750131268,0.3505259980332254,-0.30176154694886437,-0.5971886993870091,0.4186997680572677,1.7
NZL,2017,-1.6351138772301397,-1.7029782166269531,0.9984711594145337,0.6482529011527848,-0.9428193630231436,-0.14711661065419618,0.4472086650444177,-0.08673278232244142,-0.5601385778982404,0.30429844089661373,6.6
NZL,2018,-1.6943849494563954,-1.6671185911444883,0.8453515295698676,0.7732114077128196,-1.0039566511834281,-0.09072484651511525,0.30860646632591043,-0.41399895218999483,-0.5512490716924512,0.518507748409943,13.6
POL,2010,3.1646050632491196,-1.2367891212211828,-0.2100813983866791,0.17719379097205223,0.6821612773438427,0.24131522760409715,0.2601725173686963,0.5001591710902743,0.30895189928634353,-0.4676938393693857,2.2
POL,2011,2.824094318339904,-0.925391723138194,-0.6600746861495363,0.8810494081576914,-0.4391383407485576,0.7697185208407299,0.10431975479336301,0.027154066975029645,0.8506308226331425,-0.46811104927572494,2.3
POL,2012,2.7493505258381346,-0.87175653992791,-0.689108214564065,0.8504093639099339,-0.4011278226884196,0.7209927287003408,0.11344193335994406,6.573879614990563e-05,0.806958824580513,-0.42576969206620396,1.0
POL,2013,2.588748417360332,-0.8903471982907117,-0.6410040200223168,0.7294717359465369,-0.22770004747793038,0.6335219412455132,0.2256600354361949,0.222447823749923,0.8223343584348997,-0.548046661991431,1.9
POL,2014,2.447505875780281,-0.8703147990569668,-0.765180913076273,0.5569491262273891,-0.06040780886635569,0.541249988587378,0.431374667959451,0.36098585309058084,0.8637942472928065,-0.7125697963323341,2.1
POL,2015,2.453417472200976,-0.9428903909797254,-0.5955092366193869,0.27320344399499064,0.3021551644972261,0.3805096424205403,0.4640529910182325,0.7008947880637779,0.668773610187136,-0.6597453989377292,1.6
POL,2016,2.396957094892734,-0.9567705938122291,-0.6221220601901638,0.2879585104273663,0.3918703458668025,0.4054998780811089,0.48897528269908463,0.5738262670836825,0.6762973023521798,-0.7431319132300582,2.4
POL,2017,2.566330382748199,-1.048636209995692,-0.747724422199814,0.36892465124620993,0.3832206887667752,0.6777471477203181,0.5672297457871388,0.18894901218377136,0.7801192919178175,-0.5897473813795585,2.2
POL,2018,2.573146279231911,-1.0208628188998623,-0.5775830889047279,-0.040438495694523624,0.8553473136056818,0.6019186276831976,0.6260462242690167,0.3977099155241983,0.6799422471146503,-0.6037344711210828,1.3
POL,2019,2.592691052810159,-1.0212238161705918,-0.4735470752372425,-0.353801905180053,1.1951887240975125,0.6208575103314251,0.6384069926195461,0.3220187155102564,0.5130589961958618,-0.5190340866544786,1.1
POL,2020,1.6185364900597268,0.043427764790312406,-0.6439965334866375,-0.7448486740419464,0.7286909093423112,0.8840607082922142,-0.10119469556610294,0.28686904071013786,0.8271333443546708,-0.07706416061740826,2.5
POL,2021,1.6080026018188105,-0.312136032859663,-0.319805222302923,-1.2645413396002163,0.8550854707761958,0.5782505823124315,-0.26122307190249383,0.32405592453205156,0.9559106477596755,0.3268962899256706,2.1
PRT,2010,0.18070128149458364,1.3858811125977217,-0.7446414735969978,-1.1340983697969411,0.014947145051518985,-0.11510588679996951,-0.5679361495540556,0.7707847237991732,0.7610930302319292,-0.015615397971249528,7.9
PRT,2011,0.18959720869267666,1.5278670298619308,-0.32806506624406545,-1.0003778820774651,-0.11144355727147937,-0.30291328315289406,0.2653620329623502,0.7086744254691278,0.8706265651192728,-0.24524245576056936,5.2
PRT,2012,0.24969050832116496,1.4430898247226596,-0.6254599866912883,-1.1506820516096794,0.10459932293338954,-0.23779318209468436,-0.1910854454796895,0.7508097582574682,0.6728907358153964,-0.025377622057422916,4.5
PRT,2013,0.34047273621626273,1.637819103608083,-0.6436420268418057,-0.8661093247330908,-0.32369827355749725,-0.16332084951142162,0.43209099993928873,0.7575436816483582,0.7620705792440985,-0.21913450030822518,6.0
PRT,2014,0.10260330712189414,1.5892000887420485,-0.846687890304794,-1.2126098851607874,0.21764815302577978,-0.32995733126723337,-0.1971170643698268,0.8375561007376413,0.5753974453045261,0.1200685394677076,7.3
PRT,2015,0.2678388277414226,1.6402657031858907,-0.5811076636065444,-1.1963120950253208,0.15307011254999006,-0.428950485555668,0.44439661512091067,0.7515853480376541,0.5879385455115352,-0.0523617483672707,7.0
PRT,2016,0.07888303992085605,1.6098449917479836,-0.6327924807769166,-1.08650454213727,-0.023558660387106006,-0.21004420068979263,0.3765587247889782,0.7848576135673174,0.7636086831660566,-0.08310541184815706,6.9
PRT,2017,-0.03646805085641214,1.585583925881568,-0.4582833160665053,-1.186377696874557,0.3003705757546845,-0.5088992239832177,0.33696313599044475,0.8224758531267439,0.6277238009941292,0.07442724315960361,12.8
PRT,2018,0.002372185298490259,1.5583093428063457,-0.29350354461072314,-1.2822394483405624,0.3476236213555649,-0.4687396409582323,0.37618212626053765,0.8880613946402461,0.4728759026469352,0.19484933310815206,17.2
PRT,2019,-0.2515986013419141,1.562616384941884,-0.3462216960953435,-1.2386328086339313,0.4189039274237138,-0.5450243561654602,0.3495063750417334,0.8531645238370347,0.6363603042540411,0.08139886480751063,10.4
PRT,2020,-0.1427052874263568,1.380197487124314,-0.7262475841296561,-1.535383135114855,0.5717801543183569,-0.07212573277960604,-0.6068410450945322,0.8023707296444884,0.5621415046342693,0.21682266335351294,20.1
PRT,2021,-0.1230011301932667,1.6033253530327694,-0.6058708965955869,-1.4503456739024945,0.4896264094557859,-0.25452598655645586,0.08205229831172452,0.7767104895859812,0.6417527271667283,-0.0036934333593022506,8.8
ROU,2010,1.4226851586788392,-1.523520350034147,1.2391312446773375,2.2485820198662676,0.4428618145091825,-2.0965259710895348,-1.3752241522402036,-1.0709153029119853,2.0207581411121476,0.5969408340425493,24.0
ROU,2011,1.2195018605624377,-1.5893336790572783,1.167275701422097,2.041100622158372,0.7705474733784606,-2.3104047222911115,-1.122046841231068,-0.46749566245186547,2.008150531359672,0.15469301524852186,25.5
ROU,2012,1.1690317605500584,-1.7033920948637533,1.240306297896879,1.884509998935631,0.9491497823855289,-2.41574786677834,-0.9969154257279569,-0.13398348956022782,2.119682960849805,-0.0889518376284388,11.4
ROU,2013,1.090420761183111,-1.6952430241276202,1.2003040280718977,1.9244982723565467,0.8652022073458235,-2.3061485738458556,-0.993344966132923,-0.3095411946476231,2.0258766566538235,0.012099298755859522,14.3
ROU,2014,1.179181695006021,-1.945593816670512,0.8744229948723534,2.2193277441494645,0.7248561961725501,-2.065849101662834,-1.4097885053342138,-0.772265104504946,2.1220176640588457,0.09125349939106564,12.1
ROU,2015,0.984457196411999,-1.8737383260702365,0.9994109840958194,1.97691463304534,0.7987809170572049,-2.0245700621296834,-1.524921587684712,-0.5895884771903893,1.8453656485242345,0.321208450141497,13.4
ROU,2016,0.7017764664610835,-1.658629713912116,1.0391289024740165,1.611094723064304,1.064642664600421,-2.1021089618098197,-1.5148688255555172,-0.36897333110341046,1.9387814361985969,0.16097025621353742,8.3
ROU,2017,0.3525586442382789,-1.700161909993259,1.00741070198707,1.5530969096458618,1.4171340553109342,-2.390957920970781,-1.6136467904644909,-0.4219688579592683,2.0276807551604557,0.22281692981355955,11.4
ROU,2018,0.4424162786899131,-1.4815315916872127,1.0933941876838205,1.2860835272584623,1.3291581196705906,-2.144766729729892,-1.6168319468859131,-0.2683699535167659,1.8072720568338225,0.22316001618512743,8.6
ROU,2019,0.46574764004281594,-1.1768221392920235,1.147977484763705,1.0827216020990926,1.3108741361194256,-2.0189619222808695,-1.6832216690442487,-0.38385588079058003,1.5741101474099346,0.09767909186926549,9.5
ROU,2020,0.0949715880513847,0.10513108019889905,1.1997751392745124,-0.6406963278387025,0.9223665088920936,-0.8384901385977872,-1.4138540025439288,0.32782920546564975,1.9272105402601922,0.4312436603952988,16.1
ROU,2021,0.5242595403456507,0.49394855085883277,1.4846607824722855,-0.9728228297682411,0.7574078193853545,-0.6053048855067042,-1.2624442345154847,0.2839234246978303,1.5257757751373637,0.43024412963243946,26.4
SVK,2010,3.71944345432431,-1.7624035412279992,0.45841797171397325,-0.19171908121011827,0.8257621252358198,-0.8218267575028327,0.5300480150405951,-0.4301881426468732,-0.5082917364853852,-0.5210595991533025,0.0
SVK,2011,3.1883752968002743,-1.7012411617102756,-0.14661956651993543,0.9246493650780874,-1.081757745946149,-0.08587409234538051,0.4958237640405143,-0.40227835018797076,0.2353106433886966,-0.5650849047179429,9.9
SVK,2012,3.627626639421321,-1.7730150625841097,0.14794217833329182,0.19265602771569246,-0.0007830601956211047,-0.19272279858949215,0.4552789674986416,-0.993950802504033,-0.3718697453664847,-0.5354047975695719,3.6
SVK,2013,3.274205641448523,-1.513010501167358,0.17080232319583766,0.040522592222974274,0.021348028772198796,-0.3147904974797717,0.4179362598196501,-0.9700999063574437,-0.40856493795690196,-0.43153567303328644,1.8
SVK,2014,3.655549226593808,-1.5555529759355504,0.24971587737692535,-0.19778799742076342,0.6531685750042285,-0.44328867306245334,0.5125504900452859,-1.2984734515435181,-0.5686564985599177,-0.2531331512921067,3.6
SVK,2015,3.4565871554669543,-1.4405950298579906,0.3785650880385494,-0.3424916098933222,0.6306080408764988,-0.4005019296734459,0.5228926157569335,-1.1910922336347516,-0.5534357578670163,-0.084397283701097,1.8
SVK,2016,3.190402568821474,-1.387049268880324,0.44412655147737856,-0.6045893133302472,1.210307517391498,-0.6106224228422139,0.5505427681822997,-1.2688104319380356,-0.4697241207679864,-0.22264603585391035,6.9
SVK,2017,3.2226050918779587,-1.4463633182066902,0.42740943212131743,-0.6031113701353237,1.1811795766283122,-0.4795359157114344,0.5772497474260789,-1.2326755051435803,-0.47027062554617327,-0.184790599790071,5.2
SVK,2018,3.030523381442709,-1.2669203974201768,0.5106930742241556,-0.7698668077482649,1.2263278120784347,-0.47935173984330764,0.4869297789864224,-1.1153770488425465,-0.4454755405835188,-0.09552658409426934,3.5
SVK,2019,2.7792894693750902,-1.2068002137587592,0.23612544242877792,-0.8429931128546939,1.3475859726031219,-0.4239527106215339,0.06667468877962632,-1.0811218198455133,-0.45147584680238245,0.006578627648954838,0.0
SVK,2020,2.612794035570232,-0.6764478756820538,0.5041254380116137,-1.3829596032060691,1.2916492122444625,-0.16938817724257715,0.13853645166700085,-0.7305794872084861,-0.3791814342419493,0.5138688104555739,1.8
SVK,2021,2.345635808784391,-0.22232884694224278,0.6171491980372953,-1.518110694850288,0.7438665858713461,0.037460166807874236,0.15146978895829513,-0.34197642142445084,-0.1469530215256481,0.5988728479460406,1.8
SVN,2010,1.4488239582005211,-0.3289349351578138,-0.3184147522389415,-1.980042696123256,1.5628964291400074,-0.3091757962741813,-0.7661221983178493,0.4951821798162753,-0.5014666046921683,0.48980255989306015,0.0
SVN,2011,1.3370010088829154,-0.20485435346298997,-0.19713258808579845,-1.844695903671243,1.2507488349493128,-0.16675733746822277,-0.7958144964937037,0.5268339962535542,-0.4388081885725385,0.39332666377647546,0.0
SVN,2012,0.5425994523784391,-0.30276205030741177,-0.9456029755417472,-1.4701939492064906,0.27127065130370287,0.411301864898302,-1.1899116953932865,0.6983470847890179,0.10162975323058668,-0.06910421014830327,9.2
SVN,2013,0.5228356090712059,-0.23616110186278436,-0.5157814357302025,-1.3786011836545384,0.36581067824994373,0.105100033698891,-0.3447446304441598,0.5433085643664417,0.22224547540182105,-0.2061349436554939,4.8
SVN,2014,0.3356406743325585,-0.2519734300656191,-0.731048129905383,-1.4134345095438912,0.21724591590608866,0.26877613728471117,-0.4003985060083783,0.6723360793650246,0.11237524183617559,-0.38374902167163444,4.8
SVN,2015,0.6978511593516069,-0.3024492623494732,-0.27531528879981354,-1.7148316771225847,0.8390615706011082,-0.017627633479846264,-0.04946104828903275,0.516071189435735,-0.2175857438661658,-0.026411348572761395,5.0
SVN,2016,-0.03642167596560328,-0.07571610187790359,-0.7743837904862731,-1.2986868596223737,0.04231604980166709,0.26245205238912656,-0.1275053538317971,0.7146981224249467,0.3598616481076419,-0.5269681471329843,5.0
SVN,2017,-0.23504455214306325,-0.01277219230899107,-0.7784779479873777,-1.324283144742294,0.11845923158706206,0.22946683506521043,-0.3594275761350038,0.7670515652948766,0.3510072244705003,-0.5414072950166398,5.0
SVN,2018,-0.3340725950980675,-0.08099940097887809,-0.834051689175495,-1.3915615947158635,0.21819628782976025,0.27443402943573597,-0.3649766468777535,0.8048670475664015,0.20406316486107284,-0.4915620486943234,0.0
SVN,2019,-0.5746172301349229,-0.1052778145032428,-0.8737069305901712,-1.4159154524450712,0.3682824888071027,0.23821453942388576,-0.7064194201029828,0.6750887406443795,0.28443240872120273,-0.5501454788092344,0.0
SVN,2020,-0.14594895404456754,0.14739230621969057,-0.33206408728922143,-2.140249581321127,0.595893982282028,0.3738007502289639,-0.40146842095936025,0.8599180797524499,-0.06931183414354714,-0.39146729427586013,5.5
SWE,2010,-1.6137073517669394,-0.21581401882334028,-0.36493778549053524,-0.22671131679615375,-0.5836043269035562,0.4621277634944335,-0.21491231845038355,-1.1785436400912275,-0.018629612606376356,0.10485607216062587,2.6
SWE,2011,-1.3854369596757092,-0.668250818396539,-0.369908090327194,0.03006837722842054,-0.5289899969323522,0.4558035964285541,-0.06328099010699292,-1.2261331852151744,-0.03542338241763174,0.07589551026962353,0.9
SWE,2012,-1.505408276834933,-0.6566119699202413,-0.27019312995659495,0.053093851354479416,-0.5675167925599385,0.4394915277577881,-0.06943601693205287,-1.2295143488751132,-0.05116432953372696,0.19062494563875537,5.4
SWE,2013,-2.1642112194458907,0.576450728105281,-0.26378706068364105,-0.7732881826375047,-0.6222284564608245,0.6330032146705168,-0.38687348757045503,-1.1981945292357803,-0.03331138093494693,0.06110194980074182,6.2
SWE,2014,-2.21211115730257,0.6235679850727309,-0.38221569933601884,-0.776500750043789,-0.5897329896105838,0.5898456842083226,-0.44460513614513275,-1.1815625686041449,-0.025420025862358697,0.07036891398516629,3.5
SWE,2015,-2.2302162823325182,0.6827852003418216,-0.4194204050747883,-0.772265499563709,-0.5942648162589674,0.5871104304476733,-0.39914029439647164,-1.1596017058485597,-0.024586711822584706,0.07056398366789683,1.7
SWE,2016,-2.1139528740890836,0.8081190832576541,-0.448881422904294,-0.7787240652566445,-0.6112041462383411,0.5547531633052671,-0.29734171153750594,-1.11462357667004,-0.10243033571217815,0.06495884418518136,2.5
SWE,2017,-2.2318226703596102,0.7555527087135429,-0.4312370611341494,-0.7881884071472236,-0.5473510252386107,0.5226688901628919,-0.2907644547769278,-1.1739656269863556,0.0021883135763236528,0.09834658396800292,4.3
SWE,2018,-2.261952627829505,0.7210993125462956,-0.5791473737179723,-0.819395332562397,-0.4979312989282216,0.5668872122524655,-0.5087708328302654,-1.1515697328019299,-0.09741815301640498,0.17421609804273858,4.3
SWE,2019,-2.0149258241008803,0.1152453420152724,-0.6125055649167197,-0.4017226640371263,-0.5787810954222663,0.5084166928745406,0.08336221649979185,-1.216206134761777,0.08492548100733874,0.21347087687077515,3.5
SWE,2020,-2.2664526641276286,0.7034595783615211,-0.4474416916359787,-0.7827311310016821,-0.5765563796535284,0.5247491330395928,-0.3255802165856333,-1.14663588829244,-0.007743919255877585,0.15882701050718373,7.0
SWE,2021,-2.1094875347799906,0.894654153532155,-0.5359846366153664,-0.7766756852996821,-0.5955172797295991,0.4352429679877884,0.09487015469768209,-1.0878247495932398,-0.08933067585030725,0.10016989282173108,2.6
TUR,2010,0.14331688562488162,-0.278475598098175,1.34710607229276,1.815935320016522,-1.180058883277609,-0.95744905524488,-0.043446036039076374,1.2441462010795528,-0.021581246139313004,0.30901438345461374,16.7
TUR,2011,0.10485716141444905,-0.3395667716924621,1.349303122178479,1.8618632119836322,-1.0795224185329235,-0.9113931060716184,0.025468460562802386,1.3198962256691749,-0.005396453142156671,0.313812310205164,15.8
TUR,2012,0.1410198303366982,-0.5861344824734769,1.2783457430852314,1.8168834558977687,-0.9532329418536843,-0.7827489490154336,0.18866665050571468,1.2323715663683321,0.08757893160987892,0.0422992344112349,15.2
TUR,2013,0.03594030565919866,-0.43155950075351734,1.2756632521868052,1.9171155677342562,-0.8848447605096429,-0.7187986388210412,0.10782111889844165,1.5144821891997489,0.195395265311391,0.09542430288690937,15.7
TUR,2014,0.22297069877583145,-0.5252414127208948,1.2636655627788018,2.0374116348730937,-0.8099453017037306,-0.6269743827257419,0.17803902723365883,1.2787394435026098,0.1899241313382582,-0.1222130685660647,15.0
TUR,2015,0.3098374043852473,-0.19381741490391724,1.3166940677480983,1.8829877387419087,-1.2268666624055113,-0.3205394696888726,0.1742157500956127,1.4033694544126867,-0.2742751104009488,0.11488872587219823,14.6
TUR,2016,-0.36666333727160266,-0.5589074005926573,1.083251435887152,2.190598252396416,-0.82175731390146,-0.6215429504371499,-0.6408922178751334,1.0492010586345042,0.1471962784196627,0.4702814638770473,14.7
TUR,2017,-0.2841394501715509,-0.6374405263135144,0.8709656226887978,2.0945770008760483,-0.7256827175587541,-0.4038614226728707,-0.8742072965413017,0.9953852107318233,0.13004207052209643,0.5684644260554566,14.5
TUR,2018,-0.12323405564692422,-0.43414149722176526,1.0181490172860006,2.1960707276083635,-0.639063721764246,-1.2561337310916125,0.5687684777205384,0.7280049822832211,0.5011387293063134,0.01852018038645331,13.5
TUR,2019,0.4277884829025836,-0.7012922888738551,0.6619532203603463,2.128839272430282,-0.6606327184043729,-0.815901404298802,0.7096305995514868,0.6507305345555626,0.15821761808101248,-0.5125504236226354,13.0
TUR,2020,0.10049937212008497,-0.4397066951444152,1.150611214110249,2.10653688593156,-0.930131349396553,-0.7795950096989865,0.5078362032413235,0.8829716217176421,0.39144179110798377,0.09966302775726973,13.1
TUR,2021,0.015264023580487951,0.10205789213426125,1.0065323845250784,1.5929259636613877,-0.6226295098179199,-0.6512243999398555,0.5332232055892165,0.8205253403747866,0.5247866864447911,-0.20105386139325493,13.1
USA,2018,-0.3925553310558819,0.47826734386596276,2.1002311298553162,3.951735794285348,4.051792257954286,2.7647646423000487,0.9100458476632032,-1.3320282193996238,0.4147090257301367,1.4593385252699642,17.4
USA,2019,-0.31156926757570214,0.6854174734428322,1.9440755868604103,3.9271814631931448,4.197440106565793,2.6742439077087274,0.8217147862014146,-1.3142034505371587,0.35661527276549754,1.325838109545837,20.1
USA,2020,-0.4259128248626055,1.2508244859678537,2.1499702989245986,3.6281683255150132,4.432426024658579,3.019265269420024,0.6403881790013267,-1.4747212831594743,0.5980521416580007,1.315982253417631,23.8
